abadie_semidid,original_dmldid,modified_dmldid,modified_dmldid_with_separate
5.421861926888699,0.9690984164315308,3.010073758142068,3.095854122387215
6.02070675772543,-0.03567628344174606,2.7305931693662124,2.9526871704484794
5.531774688135364,0.3018222544817659,2.807934599363512,2.9333101654998277
5.874472794296597,1.9741114388313976,3.1419667967337714,3.140530364142727
5.623064589731076,0.481676233817273,3.031650624603037,3.0426136411207283
6.055282696608285,1.0026772209505974,2.7353013956907395,2.9440543300836097
5.7279505711049294,-1.323223348979793,2.4718303008289384,2.5143744188210873
5.842392457313315,2.3914529991307,2.9587187869216516,3.1989558104337643
6.113104637806071,0.822706811894176,2.8484442487448822,3.02726358309587
5.760084631409666,0.6990381761642501,2.6437049109943525,2.7613303389322654
6.31954943907847,2.3651758686384543,2.645976764005915,2.8407548129318108
5.36390827002028,-0.6270202110388463,2.5527834666109963,2.7357088627862916
5.710679635869985,0.9728704939340121,2.853656604016052,2.959471190835119
5.897924889861758,0.8671053543823122,2.739252807032541,2.7845658186627187
5.6247744684433405,0.03260350879142368,2.575880939396523,2.9124933003979274
5.580203367261095,-1.2375898043743465,2.1967973304504,2.4084288360419386
6.420603964869652,2.6192480728970775,3.069538084874641,3.1981972942308743
6.299402065149742,0.8398011928152851,2.6601794687431366,2.9460141875990935
5.495262399616831,-0.34903027337321363,2.7009790334931916,2.8936546243187466
5.667196783485436,1.539729056093896,2.8918792223194525,2.9578740153113388
5.210463311351712,0.6576876976356639,2.6061172099441,2.8458835717961275
6.015213320448977,1.7233568213845758,3.097366236019644,3.219863069321555
5.807209859582015,0.2764975583601093,2.7185721737890165,3.0224039440878783
5.822490229047766,-0.5367018973125478,2.728068530469529,3.05287957973068
5.849266892823923,0.7091453041243059,2.565190019124617,3.1754499879531357
6.235045870894381,1.1899475521191647,2.733678770679608,2.957481511921974
5.786287876927235,0.6160941326107505,2.878833377705612,3.0912153548132366
6.001650382135411,1.7942125523574683,3.145390426224675,3.1843171005742685
5.917655166541733,-0.5446037836512829,3.0345698267624175,3.0453249547658294
5.613085811381508,-0.018199438187286643,2.932080792723906,2.9729825522828364
5.20739054243653,-0.9549541110233738,2.4379226071581095,2.583852603966025
5.726783268732592,0.17494588336952327,2.95045993238607,3.0607582351524965
5.788342884331684,-0.06119270297179391,2.52229616734541,2.822231959144831
5.798066651730497,-0.7708487355124651,2.8108407106093587,2.9390685239085554
6.1476422941974445,-0.3714918509059863,3.0513402977373203,3.0498178495468276
5.782265290129247,0.8393413159569229,2.7843757014676465,2.844424302905767
5.8636287210153055,-0.03153278253145922,2.7708693942790967,3.047087332994617
6.20817235380734,0.9698285709295106,2.6796319224649237,3.0660947535678167
5.817224020639045,0.03505778448081712,2.4823861325952117,2.690978392643136
5.213774055556336,-0.013467892524208436,2.742344162806469,2.9504295202671287
5.723983471773097,-0.9209877197303507,2.7220273004099944,2.9642952828347253
5.443044871416896,0.08301336320875552,2.495432223894216,2.7336869607233663
6.0175428489508676,1.8688997498796573,2.6992801269224485,2.944480421072992
5.955915002030493,1.0481004721758602,2.7887910294204357,2.871423082902949
5.741492961693698,1.349474472447774,2.9955014190934417,3.186892128842869
5.459680701380149,0.4132058352046383,2.715541059576053,3.0207830182512536
6.044298222132571,1.7968700654270755,2.942951503888028,3.20853836743613
6.3109453864114835,1.840479878772054,2.961008484777799,3.231373330683965
5.5992433275126245,0.10534620483005586,2.482719065368049,2.650169002108549
6.038433643324459,0.8127444897814983,2.7315706243260145,2.9020920027630153
5.628283234563047,-0.465426418996842,2.5554533321501505,2.5422164560229996
5.7262129733224585,1.000151453608907,2.900976561109329,3.071251021116617
5.876682010717774,1.0190584041295785,2.75432258753309,2.951352540702681
6.027140141772613,-0.03819940676880407,2.7332209814075146,2.8746383452494753
5.882646496026531,0.7071077837614531,2.5334428804350226,2.7174551414067523
5.168731152227392,-2.997750888919823,2.4125259863687214,2.527103024798443
5.614813322082871,0.11359868078837376,2.6897427135473855,3.0194594875436627
5.7343390688787235,-0.438371566313623,3.0793804602867016,3.189790122436298
6.048880708009719,0.8169935600237384,2.839556724402104,2.892716707296904
5.700853884522194,-0.8010506761198171,2.30499274325004,2.5570667383106294
5.623257607484174,1.248108830098347,2.9551070106668282,3.0871970974140472
5.725328704670942,1.3301476369445813,2.841949940155003,2.892374846959111
5.909805882778994,1.2558326823286619,2.7816584076901183,2.815744952713073
5.4973845812174185,-1.872687732472344,2.499856498882531,2.6877440536495776
5.764168372352928,-0.9758489468791367,2.7141479750413406,2.8382579803289527
5.616687560739333,-0.3411869703722108,2.7260793335450675,2.8559315512611896
6.2280045473234535,1.7558094699748474,3.0560007809617797,3.1045038140625225
5.487856483491302,-1.8062652760892657,2.5416461143637727,2.8160117676235625
5.616207989703729,2.1051433698147415,2.8655724359794665,3.0787900377058675
5.9452847330310234,0.3793745492608791,2.931596347236516,2.8323411011138617
5.8088650415507646,1.246796102617048,2.6641071732902164,2.95594326194477
5.562546809851051,-0.053310275337082706,2.8709258157905184,2.9126633688623285
6.337031727689281,1.8187027021375108,3.109274100846278,3.2696186188545404
5.518423767231046,0.709558996650675,2.760098704789332,2.9411187155765983
6.1821835212715595,0.97012487887006,2.995929192923543,3.1059251995749246
5.239409738598341,-0.24145459272338565,2.4931744783640157,2.5866666100556603
5.612963450835083,0.4767391102208013,2.8098785101825303,2.915780204918304
5.747895179792415,0.13482278329842712,2.410328534668004,2.537411766184344
6.196066150623604,1.5557365522552558,3.003242202642883,2.9610171670406924
5.914489920404148,0.819509452684702,2.9759706921503533,3.042659800534504
6.2086323553665395,0.6532681077618064,2.8852824965649333,2.982290960450258
5.430557638717198,-2.3946793321724793,2.8724146222690354,2.9380080004441225
6.307758798134766,2.3742774495433387,2.7557676815026007,3.0759227620288963
5.890338575301688,1.6227159158276367,2.712443154299498,2.715616765112975
5.89422530638022,1.2399081994484844,2.5651583470511463,2.8109608944894653
5.8432933905875855,1.4723029797440825,3.0963015049112075,3.2495567411895108
6.166328490962353,0.755464158759227,3.0107987484189804,3.3334868587332736
5.389487502258907,0.296036043391685,2.9023464235160796,2.9842285319529402
5.765328038070678,-2.3472287239284757,2.695624648182081,2.920577802815375
5.883531062258991,0.2623715964349077,2.934396932897899,3.0416176571358746
5.429021012889406,0.5635638000080038,2.7678686667884485,2.9510122471096167
5.362998949338244,0.11175208600568207,2.6967158015327692,2.684019339540595
5.8437113102305345,-0.6836695749469783,1.876273730347239,2.007561216781549
6.027458381436225,0.08723468904438769,2.712641818639408,2.841010959807599
6.088061019014979,3.141563563011256,2.632132676846343,2.883108699834681
5.934927976493547,0.38945917380017336,2.8278819119005894,3.059327097640453
6.292268567166474,0.6732635924305467,2.6213020179757476,2.8610478075642
5.6532459905760595,0.14452608739377754,2.6888481282149685,2.93955631424079
5.8872674810988235,0.0881253779401614,2.626105059919561,2.9411377180793963
5.550549920050841,-0.0916093010281176,2.7100443851538527,2.927273056396755
6.0941028091840534,-0.7568291121733871,2.6619755339155073,2.9318215763970925
5.5653224017067755,-1.181472853171663,2.3804747353781113,2.696352651580523
5.62041894506444,0.15278621737274556,2.749588729381651,2.8495724493328627
5.41048907444507,-0.2030428316632017,2.277554734599163,2.5683028442653573
6.040278487252919,1.4024282232381986,2.7746517717906194,2.9512168605338696
5.893346738213841,-0.4584012552347847,2.5946105375893738,2.7991156690502472
5.764020610404178,2.3511529956453887,2.857823069696397,3.139301258369188
5.645924286094822,-1.1123026465444203,2.6365968893064586,2.6765799294512336
5.694926594700013,0.5580384663327063,2.7331773882087775,2.8854349386706395
5.847374013348682,1.3481423657770653,2.8290623664915273,3.0934946315281904
6.186170869078638,1.8281130012895501,2.7539985306677224,2.971624240791935
6.049061964339468,3.120751730150881,2.7735620326526718,3.033710947834933
5.418785198440709,1.0372763189882004,2.398928095283185,2.67738843559507
6.059485713804661,0.5768583208798393,2.4965069346832873,2.6111454731690165
5.619644139719339,1.6540511181112683,2.627671134880446,2.657478994310013
5.460023711297844,-0.01696886199160086,2.7125870842871764,2.7181296958001675
5.994303673247688,-0.7852752930553898,2.676678498419019,2.8672912255639886
6.088712458656377,1.028116668304886,2.8800123953074896,3.0055269871099854
5.872150374985288,-0.6921061154604728,2.7958061822479356,2.906516377162915
5.348138960792261,-1.3928992555249955,2.4675538350134683,2.731802915733573
6.003128053840757,1.7218630132325616,2.8608854362405016,2.9050665390840775
5.699373770878156,0.5770893816141272,2.726858408310868,2.914907686287892
6.784704909084659,2.311909172482826,2.776184967194805,2.899957936963384
5.7707377190213,1.0353434930388035,2.6373544274865255,2.806441304119241
5.823494301372503,2.130435503451319,2.681336370919778,2.9356031669070894
6.1883902532515025,0.13788832403766693,2.8928601507507588,3.0419412306163753
6.081770987447997,0.9207534561803083,2.58945180797008,2.8453581314517646
6.055974898731064,2.026115973461014,2.9527996405299275,3.303153127503884
6.16134055536443,1.6193573533959948,2.8948240461458643,3.0389857743892597
5.2889024405365666,0.1346747322940076,2.7689444316715797,3.0215955033726214
5.986904414354118,1.3151836950303146,2.591459489545075,2.7785620589160303
5.7478479416344594,0.3442714267644963,2.8486698987373984,2.927808317104753
5.738441878118176,-0.7268350106713467,2.8904135064614387,3.010316526315263
5.9497412527203535,-0.3877642228725515,2.6043952791749208,2.7251788194065574
5.138541999796355,-1.248620390206683,2.3826949948967733,2.458714683488605
5.826404949120492,-1.2237957196305618,2.6169030184656976,2.7908644285113633
5.480811404354808,-1.6338813635945693,2.7720682348180268,2.979492953475962
5.886504957470934,0.6455998017732962,2.737509823378943,2.84092010082688
6.130797734754679,2.1253099295203794,3.3060952776675294,3.4582027410196767
5.8593781272190615,0.8032730017141292,2.6656287329881656,2.8613505611872263
6.021652923996581,2.0538444628418038,2.993842633656323,3.133846907497441
5.352592654704596,-1.0694249629139998,2.520313951437866,2.3767555566676672
5.596253231441655,0.5342555290056918,2.6297077024338753,2.8617368414990305
5.897870895586684,1.3366459438254459,2.8649420652792834,3.10760270770755
5.802659824786022,2.6257623727928925,2.9274493369157906,3.205879492008288
5.86122574814295,0.12139157135707776,2.836507954835485,3.1413521327773744
6.160598352856864,1.4767387351283534,3.053600498877734,3.3004557734594804
5.656177501088703,0.7318800540696689,2.976092409724198,3.089066980142101
5.944824224067326,0.3603895455512375,2.834895296349538,2.9804600140762556
6.346040877783633,1.2803432993651338,2.8050150981976834,2.861957650910832
6.404132555089149,3.527558309046835,2.7008130532166663,2.8482940002069923
5.550288231629226,-1.1176525596200397,2.701116319789583,2.9037447432744843
5.656010378640323,1.3433014365105436,2.712860713133418,2.879513045445912
5.963682713747742,0.7666517131425128,2.74722749535118,3.0939443243667344
6.526804698849415,2.1681119550270327,3.099275070537481,3.24683106609601
5.830682705964961,1.048939610210329,2.770892333352932,2.7560820519132943
6.00032149344175,-1.8639934857281975,2.869665879972321,3.1245199771787986
5.574519739319422,1.8632639706089225,2.8404699519742644,2.841956677796966
5.900581929881428,0.6210159153897004,2.635372437606115,2.843150553585394
6.214343265178648,-0.10081279511993979,2.9786053335535474,3.084055162940211
5.532380064099478,-4.4921564212715825,2.1546930517458973,2.2995677421551726
5.491612345129314,0.25188436436673656,2.800650963214232,3.0356557022742705
5.668984453696496,1.2964294190187469,2.9975498035945187,3.281053833184583
6.2374471711964015,1.3297570058099104,2.5990050130101903,2.890543276510419
6.194084549777405,2.1170829118465355,2.649838308844301,2.857098076462999
5.835730623902694,1.462721746336808,2.5637122308829294,3.011630890848232
5.810258757716923,1.6776874485063376,3.035125583139624,3.2545573568654134
5.679752718730706,2.022428907737475,2.907650551988998,3.0562419933614033
5.635823913006605,1.2294426100076472,3.186643448739815,3.35140178963045
5.889921876705677,2.316422000625094,3.181945506097037,3.420533492363496
6.092588882591043,0.8042418338924884,2.746509980948995,3.0061128522330347
5.262612726818587,-1.1434300528849748,2.657707221801107,2.764458363344883
5.481841323744876,1.4733849655206277,2.9006436192088074,3.2571565686034996
5.944147201358882,2.6186333291488597,2.9676915638973473,3.145240254004359
5.556528397536236,0.2150098109808823,2.686945971059253,3.0153598640646564
5.943882412018635,0.6502625106867355,2.774369922166833,2.910595910443922
5.542078163858358,-1.3008881065015345,2.2170270533579544,2.367058010383059
6.086668834767629,1.6396597596330118,2.6134865696973133,2.9305631092837885
5.906802203455874,0.3797466264056748,2.7237180352046835,3.0012071431947795
5.631589383241972,-0.16607702482662304,2.853189054466442,3.0353337282229944
5.281588082986526,0.6047527129278519,2.5965824026736977,2.794763471533042
5.688316701010599,-0.28339450548463363,2.8962244094704825,3.0371891198209546
5.77363670439435,-1.263517640270281,2.565561802424455,2.7882890974533137
5.855939400433892,0.03312542049562861,2.7872565489926426,2.9845247823409116
5.955491453351257,-0.14755493904626196,2.655675881761071,2.912401845607815
6.227706848523309,2.714119225728905,3.136232084491024,3.094830863182904
5.791557172538252,-0.5245925279717942,2.6554788667087177,2.7972036823782407
5.836391708602919,-0.22903048641241674,2.6723701810603573,2.706541597723713
5.825356090041861,-1.5825749112355623,2.772921981004046,2.9592002160718405
6.076334976187485,-1.3152725775311582,2.8498970416247413,2.8871502780100364
5.930056954178274,2.5275916872190143,2.739414438682074,2.97214803334431
5.695764363448495,0.19217753437813132,2.69571833335522,2.8239662123560914
5.929557088899865,-0.678747807670707,2.695885700144469,2.7621274997067644
5.689198224675731,-0.3600939154367556,2.7762939066066856,2.8656476519807415
5.636283033927617,0.13732430306733634,2.8824519332771206,3.017687227900584
6.0413387407580394,1.5665461623649177,2.945900797973152,3.094984545659451
6.038085132160718,0.9220350384255389,2.815668134451503,2.90687611786118
6.070886816205703,0.571342065292426,2.712927084255366,2.86722944605528
5.704299731984893,0.6912509996557671,2.961493344286527,2.8813594746657536
5.893258130311593,-0.10316069885984569,2.6930985470058375,2.8252814852778285
6.08271651639607,-0.5553807037027546,2.284315415737607,2.778318812457334
6.194225662388582,1.9436685928329325,2.7858113777037063,3.09721668982323
5.502141150885972,-1.4791033042239663,2.350920479562628,2.51608156138027
5.750673859786521,-0.38384462735575287,2.558317998102547,2.698024583131895
5.866570697560376,0.8030974583673185,2.7619062506995338,2.981057645352367
6.021682080933725,1.3705731903536256,2.727501382278568,2.9690131968048195
5.403709509260136,0.6765773765085126,2.606658479116559,2.869691178168796
5.594112938589638,0.28257528896242945,2.810216527430864,2.9583553187372136
6.260297139051006,1.6340251036522382,3.246157234719797,3.218809167374234
5.635373711774174,1.7213513541969911,2.891006804575164,2.9730857451505694
6.186392304929222,-1.2473685244517307,2.583588013980245,2.737873920681869
5.455065502455713,-1.502291781888504,2.8766986094639533,2.9924008757951475
6.280710427375288,2.8947509568915133,2.835531021094556,2.9924901272777236
6.0698244558990275,0.6867176487200695,2.810875045696295,3.0465493373778765
6.06513305775087,1.821901553640001,2.8334883897352663,3.0388005187497935
5.966898421849291,2.760592133381807,2.9306146083195888,3.2085871068446328
6.127341388164985,1.4805445306059277,2.8344095820804442,3.0789761066380112
5.571759998827204,-0.4178106851442229,2.872904553196551,2.9160597217764535
5.797431833599005,0.3665244537612396,2.490145956898923,2.572247722166656
5.888584394680052,1.3477530174340981,3.0217009655547225,3.1268227226200445
5.976280459260366,0.1644455535124842,2.816603042266726,2.9049857841502154
5.691810424835006,0.9803420915022762,2.5777657205031597,2.6464872350208584
5.597942433523592,0.6823369563524824,2.934299836340486,3.065743004019179
5.895252342927544,0.8109889324865823,2.9302578954444383,3.0929277615819393
5.291248655027217,0.6379851816897504,2.792176434765106,2.9502847584796426
5.829429901532669,0.7478889905229957,2.965395002082866,3.0116364402869644
5.321420261298797,0.10738688428167031,3.2232421966751756,3.2162858305039843
5.882380383585529,0.24647671784253133,2.7870617738261245,3.113757937228179
5.746483025756566,0.8909098475896138,2.6378903266574842,2.7314579574194173
5.87025614556872,1.669852316467612,2.811369545835554,3.0778106974503645
6.014138284268345,1.1971480867545046,2.953729161825729,3.0687689506266467
6.05256486134585,-0.1557291989500188,2.5077008343054024,2.923003147648618
5.847909434027579,0.9462319497369907,2.716487704712634,2.8663859903183226
5.81635122161871,0.7344045930484213,2.9370468012417428,3.109912613549772
5.750263470808546,-0.20439798287688116,2.2887937342243974,2.4475245057448856
5.662363339306981,1.5085393994805942,2.8802401093163903,2.894611798964646
5.780187237823464,0.22575283031329774,2.8555253872572326,2.9756619585144586
5.971868554208686,0.4958213651427462,2.519507135399235,2.701338480027969
5.923649062802489,-0.6392990573454844,2.7793781616084785,2.9935107636820613
5.718694560950803,-0.8386285941416642,2.6201512458385006,2.8030653886258063
5.952401597950697,0.1838027796478917,2.6294893289668773,2.82679814513144
5.908893406853145,0.6302527363488486,2.873582614194506,3.0084142035525363
5.762132780507902,2.701343995973896,3.0820227507625013,3.248603824201595
5.894116395206272,0.8625973435860259,3.0716278049155092,3.179980568264673
5.463133436854265,-2.5048978465637637,2.9520749397903367,3.0348666484479603
5.664407249164915,0.756977887046569,2.774477183135594,2.867330620200287
5.565973899192893,-1.5534919846770219,2.679059257012944,2.802131601678135
6.053886781075942,1.6075935412314286,2.938987629886907,3.159723928434798
5.65887152066311,-0.6639322194825743,2.27914721395694,2.4874622280946976
5.676539144434916,-1.9120734478901478,2.220724759336807,2.5668406454684964
4.988592288336851,-0.5718061340760017,2.851921578289438,3.1381633611344677
5.816380824705679,0.25818055780384674,2.822601731545423,2.869254071566237
6.123629018508555,1.4257600399223365,2.715492087094023,2.9837476788550834
5.523632993873392,-0.19979925939778775,2.4734406729224787,2.6967050884416177
5.617095934669685,1.513940139543394,2.9683015475869996,3.0988478683849223
5.592441490671756,1.7302251583788877,2.9237275238204283,3.242335844482886
5.042570881317897,-1.724643330170557,2.6498460219382616,2.7607074642885214
6.043056862319096,-0.31168654321334177,2.533844428855814,2.784954364639335
5.870975865425727,2.3585192621100157,3.06317539969789,3.2601238712751757
6.120656733761443,1.2579406655784342,2.7790014146754283,2.9272591378570003
5.614422458905269,-0.9241341654420181,2.5576978891252033,2.638053527185107
5.554246115746258,-0.4305836506046427,2.5157263559479977,2.8004069710369204
5.655132087896634,-3.2063375873741204,2.65493193035271,2.7493289319262812
5.37527644022315,0.11535224872888761,2.735777188475806,3.038883029244272
5.872627354550018,1.0547663486507073,2.542634281719862,2.943128630124731
5.9899778898926614,0.14984347633982043,2.7723267762853983,2.979977073078455
5.957013226101546,0.2644825013426907,2.775433596343582,3.0183360613748054
5.792060719527453,2.617601185132014,2.8225387867026375,2.9308619221696626
5.876167401064379,2.9396187961408677,2.8574726883102377,2.9321251163843978
5.729149480936517,-0.47848947674966347,2.6844273411123205,2.7585338107194426
5.550103085780318,-3.1994026927652057,2.419026499092842,2.4751397638135235
5.7234288199044325,-0.08341212209582569,2.9165912648535715,3.1761841553887766
6.389341270785972,2.108541170118833,2.6077692956410905,2.7357562881150512
6.058914732282113,0.5788023579827811,2.7381708867145744,2.8565288324497367
5.5529084054871225,0.14047612587672775,2.805011928164725,2.901306225020986
5.95422480992399,1.2498757772004454,2.675414775826952,2.8395439956623885
5.937484595330359,0.10549962871778318,2.8748584444544703,3.0364237466971735
5.814502763652881,0.032545596198741145,2.277001678094255,2.3475947524320664
6.038470610582619,1.1185535918304068,2.9535909220991012,3.115909818163452
5.810252059567861,-1.7183452656819163,2.500249499189036,2.6523938482987166
5.571289559036698,0.14806228392851684,2.77804731972608,2.9299042744869865
5.71864947963308,2.7020929143128343,2.8147750488443952,3.095319576259072
5.563288875212776,-1.5543672797254136,2.821978501733792,2.8826634546066616
5.660134704366106,0.6355002175931004,2.6142044610751243,2.7349927071434
6.5400915295135365,1.3249946853896408,3.0262712673016807,3.2315439061678686
6.259791459513638,0.6014974429838162,2.8206746699816865,3.0106208828451635
5.9654421032439515,1.0397729431892624,2.5923844944268595,2.8002939990176303
5.8236606013242245,-0.15753118253702203,3.0243119659763753,3.0442654115478067
5.428100611292627,-2.0202963167714416,2.762815045567738,2.792703202643912
5.7990476964911375,0.7150920305849483,2.899568258541435,3.0441369336906208
6.093236065984589,1.6873356831900472,2.809739402072397,3.070748231072188
5.664988312480409,1.1261592577172235,2.6289150054217836,2.616500913211361
6.2494837170768704,1.4554326327777265,2.749945447083993,2.837495143681595
5.787157447224038,0.0850910480527815,3.0200429305613543,3.138641633482342
5.643515609612285,0.6821084512730189,2.803999127161874,3.094781891912441
6.183784181346256,-0.4332857809447159,2.536512066305988,2.6080796459912614
6.077355056255787,0.7120683221027425,2.4771805631071837,2.860243063370659
5.836518397227776,-1.2546887674077616,2.9661984788729105,3.2139551079426596
6.078483538914767,-1.0635613187737558,2.5024627803612454,2.581646861519877
5.965733249986334,1.352594440650758,2.9908489264802967,3.1601110468080744
5.772197512118275,0.37086708952448794,2.286700053439837,2.5030515026561417
6.130432715266621,1.4288048659746857,2.867195153498396,3.07242845495907
5.997648395373352,-0.1513416666368462,2.7612379673865997,3.188909228427164
5.638710183709484,2.3934191878880955,3.017339090476649,3.022252831828604
5.684464586880544,1.294068956703113,2.6190066801318874,2.9006993703216333
5.621760175369734,0.3197504643125313,2.8175746958874717,3.0430480034099467
5.921797311861298,0.7644980325181531,2.5403772056452114,2.6088162909047776
5.822964140195729,2.1311926731636195,3.0781874161755454,3.238576796290821
5.422391142451808,-0.17191321629134398,2.5261274815525683,2.6638917942627796
4.928544535083613,-2.1134450533707856,2.7175260399534062,2.8876673813198885
5.868180534882779,0.14154028640242255,2.5252498519805,2.743862249849492
6.387859795170097,1.8890163955646586,3.0636173308573813,3.1881716649430407
5.861566523893841,-0.6076497513297601,2.5951952465815804,2.775359537382527
6.0667798077592465,1.2303111575868133,2.768295952412892,3.138237120793611
5.96717781203089,2.2729004793571903,2.7297436933300547,3.0434154370852426
5.53525099157401,-0.2462642688489975,2.7829970835461992,3.1020675774862734
5.849219769299545,0.7182625815246776,2.803830857434555,2.981385446628173
5.83010042859623,0.5418487912029093,2.4997298211986703,2.778964363814344
5.525716590848905,-0.5103513704244109,2.7099220961329262,2.6837629138702526
5.72599105982876,-1.268353713436685,3.0278038863169745,3.0714180319978874
5.621781302369521,0.4581142641954005,2.6673065988483398,2.908700217149836
5.878491688750505,0.14687736205856472,2.5012057617563768,2.8194627132487415
5.812319842065613,-0.8259291092026981,3.0381602926160607,3.0408390665017437
5.915882887675037,2.690695314891337,3.061959074598068,3.2018331181026003
5.571167174549071,-1.0375787104622942,2.839547432494581,2.885699751700842
6.545058155344414,3.080746261574162,3.03118957733024,3.1409085267761974
6.251733470106012,0.7649019535598273,2.7178505815932064,2.8366697050498786
5.813939541245425,0.08988387339060622,3.069113661498383,3.2549325138416645
5.65700670369925,-0.48018208506901483,2.7884890258637682,2.908552139793685
5.911719723059289,1.9832513326401888,2.55019731648367,2.8361470788856593
5.392424414477075,-0.23288108033464106,2.526108931860505,2.591698594902617
6.2096319329743865,1.8687471782034537,3.0480043608940144,3.0569816912959675
6.097004201030795,1.0732816043812337,3.068247487346995,3.2723702206853695
5.584323356403394,-1.0725949893670408,2.863333995815731,2.9996048712824877
5.935213358434579,-1.7692754908429043,2.7425182587477748,2.8141790618830425
5.764461859846421,0.7398744678357931,2.927130412515269,2.9455805778889843
5.685363461320452,2.3045573631786995,2.9282611526005464,2.997319029293521
5.961796611494948,-1.6538377566546565,2.6900635118872196,2.886187246997249
6.227681893297353,2.19545922215143,2.888240257268405,3.1467061338104694
6.219970898653356,2.6560060395349674,2.737491390176836,2.849547579144992
5.7495648501561165,-0.9134215685618596,2.7091554114294327,2.9943795116947047
6.02119381126041,-0.32239998299346995,2.465459096385148,2.743967295886475
6.193901243039743,0.9746448786199519,2.7651306464473455,2.9321072553962075
5.577988034568492,-1.0048235962341034,2.759101887626802,2.8757715276291487
5.475680527850519,1.1046486344889521,2.965090220126525,3.003812208221836
6.061442043212871,0.8761656332566377,2.953221109250622,2.9960512712103116
5.995656622295829,0.14440483711325747,2.7194112410030256,2.7958572441040266
5.709200089309509,0.4036281940288144,2.8371989756782954,3.046969636511297
5.4100141850066565,0.4648350061252411,2.799986942689117,3.0452283351473928
6.031581840683845,0.5919618167077692,2.8652674846121613,3.0354610306609313
6.063071652908482,-0.14486493476160267,2.6430690161266135,2.851537287764706
6.102513738834095,0.07766720088116108,2.619155620256084,2.6015702662865348
5.6809600102383175,-0.6040269278308854,2.2898064705243097,2.7268582105371095
5.874494563763939,0.6492718268061565,2.7324398661246585,2.7995525164873785
5.813525850145106,1.5122436721380652,2.8933424022865033,3.0576169313335715
5.116900398358336,-1.4289455740512949,2.197885244051663,2.48242502062822
5.458128748958727,-0.03561957854845328,2.6740589540708424,2.7751487501922267
5.474344585913041,1.443065682393133,2.582052344582207,2.9992088591333097
5.744521233717482,0.38314810499543317,2.8282951917413213,2.895771857422341
5.58030517486421,-1.4510599994964681,2.423313543329308,2.5527261581791487
5.523912672219699,-0.5774427912325129,2.860272691607328,2.947020969085383
5.981172869921364,1.8988674288212233,2.9460643823871697,3.1228208677844664
5.3668944957726366,-0.18947893430310725,3.0844438682563906,3.265513699765692
6.1606989563539765,1.525947535615266,3.0465360082453454,2.9696283051873227
6.063927432464963,2.3746482721906976,2.9778856621258196,3.020726674534492
5.694433423234191,2.0351678909457034,3.0297901029730285,3.2378731849785627
5.5723641662405266,-0.05652987078313282,2.5467692091530174,2.739217593962337
5.692963304248365,-0.7082757947961797,2.607353609412465,2.63407875412074
5.3790932424034,-0.6896633581682656,2.601544729026949,2.7476154534304342
5.758285920416182,-0.37735200872750274,2.767922088483397,2.8231585587056687
5.631717240857053,0.30569377054965985,2.452788111157994,2.6164620417002022
5.4550336018086645,-0.15111999534150522,2.699761352372926,2.884259651056368
6.203012565718694,1.9799887241799774,2.6015390060568016,2.9147678700828616
5.689075096774988,0.3120219839121199,2.747878348584586,2.9387287526743906
5.568051065839708,-1.9890421426017588,2.59067985866883,2.76537382583688
5.689718115915663,-0.8663597849940827,2.7530765854768218,2.9106542023361204
5.599167039193075,-0.15862192977834283,2.586071038689239,2.8934155275743505
5.955219141998581,-0.6541311213624716,2.877762576503626,3.0190323368318026
6.07621583978448,1.6233438292935953,2.824901037827512,3.0225665031746205
5.538062551253499,0.7144592100177181,2.8552365106778197,2.9775672705651326
5.586598694395375,-0.6409005570884359,2.5475806383144377,2.6182621141001903
5.764242830622577,3.202576796680342,3.252690333222731,3.2569568882921667
5.87652122866936,0.9038960927784938,2.738768362000157,2.7270768210636946
6.112623036577049,1.359643926873668,2.9630266648487193,3.067222201872023
5.610650685261657,0.3207759683897942,2.584688842888826,2.8067518089494348
5.982478483338756,1.0329554079739975,2.7136193524307,2.948839018746343
5.354035271018825,0.4002708918963046,2.9916369820321647,3.095217130780279
5.869959681466081,0.9190642664659131,2.890440137530458,3.0345145630095174
5.880520793004946,0.44797391078062887,2.716702006582242,3.043058445092427
6.208513877525101,2.4014848404089166,2.9743504968867756,2.9916036629810963
5.652360449586544,-0.03640291923549588,2.977752051334862,3.083998606232816
5.711949686455491,-0.020186046358362075,2.99419575565694,3.030336368317456
5.287625519686113,1.0666221785939147,2.862517386380322,3.0628752564040846
5.889073886464384,1.3007033099007514,2.7457493035667353,2.9251735479046412
5.800991327325981,0.7040777455574538,2.6135296727492783,2.858897751409357
5.545382841334479,-1.9932533536307933,2.918970192242675,3.1426535219420115
5.426768208628411,-1.1937052649435396,2.8580741362614335,2.7797004356933113
5.913647570489011,1.4544211031488257,2.9044012809732807,2.940594119855942
5.624065904719611,-0.1742014314466594,2.959879490274087,2.982882468310623
5.6648673849309255,0.3900910007155463,2.5288636829461697,2.675707400298588
5.802075320959153,1.1321639825472982,2.7586137624692286,2.81004863917837
5.653349087595977,0.3364421303941207,2.7503827608039506,2.945015435167613
5.74462223332227,-1.031067547436081,2.3161234994528193,2.6947126268178847
6.377633551334115,-0.8328639369228823,2.6586920235007176,2.9089941696433765
5.577420568729345,-0.07488746553260242,2.6862259140546376,2.733258959677721
6.119028827976704,2.1204772591670213,2.617405620945597,2.7512861250939715
5.501688395100844,0.4335939811530034,2.7044842196713508,2.9012360113261106
5.816395316484077,0.7826934959548144,2.9042615409048738,2.984429797845809
5.873651292603174,-0.3990300256331582,2.6361049097190996,2.861944539151005
5.916755439248639,0.9796929250007226,2.8242448725607017,2.96242110023592
5.854700091554883,0.2755548676396299,2.847420793735906,3.0988712504227465
6.333766028220097,1.8470833944726426,2.7630549402308078,3.0633386249489587
5.91906537750176,-0.026278815537181477,2.8003015735303096,3.0119886932669444
6.148634368240499,1.580763858913825,2.9288515919404468,2.9479699176842242
6.1670052645601405,0.06524172298114123,2.780072840683169,2.9174071709617526
5.555202559527687,-1.6572391412273677,2.3244724721536345,2.482341674162913
5.929263256562034,0.9046457378239123,2.8894362790359525,3.036206409381234
6.109928185365457,0.4335681121829197,2.73780360824074,2.995996803161439
5.79982863326946,1.1694940254694626,2.9585455177719675,3.016307502501665
5.590103464669175,0.5990941688240492,2.690960829248512,2.792827865244526
5.65975197367432,1.5309183348156319,3.0692249236549265,3.1369324145540376
5.873198605563579,1.1921441550277692,2.8677129767361444,3.0072083794640703
6.104457629513851,-0.5852247921959038,2.4812722592533083,2.6604522564784396
5.399132413031162,-0.41734245750481797,2.4123377479820607,2.7722763360783356
5.741156347037394,0.4128391734856323,2.764294839981603,3.0409609122668604
5.874151306128829,1.406879586977495,2.9726870661198546,3.157260466649012
5.297143169710305,0.7327088453800981,2.7267536862059556,2.6637451365778544
5.931718713588017,1.6698433705230942,3.1019345922994352,3.0766661876433874
6.008603980253772,0.7963126377635865,2.800240020150345,2.901752778726115
5.482681758182657,-0.06907881776372754,3.1599989656704435,3.250947743709342
5.706873973970856,0.7148093681417983,2.9791085416575136,3.08832422804644
5.518195940541697,-1.3622163073010123,2.6537790413462155,2.976162078019292
6.021723096110453,1.1250965597800118,2.9343688552497404,2.985112019660839
5.75186946386221,2.4935726539643026,2.860358833159201,3.0342107005575887
5.596775582234297,0.5356792909020214,2.884678367494775,3.044687015287707
5.729076604367779,0.6457703727811257,2.674911613332889,2.9926363202119575
5.407873440744689,0.012556539122187793,2.6719631880126835,2.776730803102576
6.259925923442183,1.0577999561732976,3.0778397840848593,3.240819029010087
5.663138058753761,1.4258856580709787,2.705781926342545,3.00774162020163
5.546039289047461,-0.6654330555184992,3.044750821536753,3.1842707262359555
5.589080596210274,-0.15854021372367472,2.7717563366432074,2.9426499303987947
5.42729257811879,0.8493734339804604,2.860942030776459,3.0503506625806938
5.942437573987273,1.865960264618997,2.7402426070435464,2.833084587532836
6.128452013394796,1.6481163451288179,2.950246674054182,3.2793984908151415
5.4296365184088184,1.6465120574787546,2.9527354327656354,3.0778614952656946
6.003404879638923,1.6495862378200505,2.8694148301637528,3.061524701510444
5.604048279164528,0.7177819123335347,2.639383439948497,2.818144058815676
6.1647398927181785,1.8431747954810014,2.925215239973207,3.0294253847595867
6.265530554319477,0.006886536152528988,2.7821784690601272,2.842512428502491
5.549689026170333,-0.3509842117066096,2.520531034400604,2.7020921535286995
5.386338671115932,0.8358866188437528,2.782572412355907,2.9848396826145507
5.518620536011664,-0.3972902041113301,2.612834270818893,2.7413933382459073
6.212206517107631,2.07232994241894,2.8471398722921095,3.2122520968934305
5.618965127739078,-0.9146391101802667,2.580180795202842,2.781801215748773
5.8415406098938965,-0.30089242825051843,2.800511803948028,3.033009263577454
5.908356020487026,1.3039554265818365,2.754175828350024,2.9631260716906085
5.9421996076282415,1.2098508445081817,2.9555726192749394,3.0472599372259417
5.861464735387624,0.18162953138557547,2.6738932209539357,2.8103198550796153
6.049020724926504,0.9140456613386861,3.048117038153353,3.1509162499266266
5.538669634787596,0.8283952682619085,2.8336454191824463,2.9932928193487616
5.635562749155588,1.00487399089403,2.8170781119449995,3.0039522891051744
6.258955362289382,0.5946327948103795,2.9333932166528056,3.1083402151899255
5.952062648025429,2.102783225331851,3.010321770405843,2.9509735396113
5.5308065254601075,-1.6133055986850295,2.737359167600344,2.9068407968026237
5.462025178742945,-0.35246305112118753,3.0254419517612003,3.083325692289323
5.666906022001754,2.04591443601,2.8778467519741975,3.0488035818096235
5.9799183919548184,0.6739471651928148,2.5686287091317714,2.8974198044646737
5.573008419249256,0.9831233179291565,2.8359215216764895,2.9590332648834776
5.672515341986169,0.5564902899070224,2.810175469605668,3.0382402258048984
5.714907661924151,1.4003191550873741,2.7159568905773,3.035739762497831
6.106766272414193,0.9081117344680358,2.6980476307943366,2.8402511957139973
5.801842163216356,-2.281036014462545,2.7042976302365833,2.816034797561098
5.81937032380367,-1.1483252553690886,2.5447513780926743,2.654671307020557
5.8256695687132805,-1.1411382274810127,2.831070389068868,2.8555095910196666
5.85548227101839,1.4192086861333588,2.706216504467069,2.837385940658989
5.607876241232553,0.39034048295926965,3.05158059138195,3.292175469446314
5.741557594736781,0.32859515039558157,2.5118784687362563,2.818856596383648
5.704634032820865,1.7257402386291667,2.420983455433244,2.6508237999279425
6.592409638846817,1.7866384525795438,2.864625272442856,3.0427721980462685
5.401513227621999,0.7721518169570665,2.6612902264507214,2.9864690656931767
5.915477965320132,1.4627789174901067,3.0155698341775774,3.145395471366445
5.911794364695352,1.7315007286505124,2.8361241334285205,3.1443424045256205
5.84111775331832,-1.411079963180186,2.359724596936765,2.588098290206395
5.485146902572381,0.1837570325322827,2.7546194209261503,2.8007814728466682
5.585217673299274,-0.8514711922119755,2.6956973988641764,2.8926677700720846
5.5065515994152365,0.8427535507387885,2.83742653065148,3.0628992837042004
5.859269971097475,1.6278590266137565,2.9680056495605927,3.10892763493006
5.643345729768589,0.12970915018070017,2.6250711191807587,2.9497370613490714
5.469524881217678,-0.6236611404901451,2.6712471940610643,2.730761605410135
5.851498320509563,2.3599495354299895,2.779094052235936,3.033929578764239
5.858779888730132,1.363428410021327,2.913903919009627,3.17114113127729
5.4149948885958,1.1527596571922172,2.9092381352151078,3.026091855956463
5.786538221770987,1.153553053252663,2.5596716599241547,2.8202645280076704
5.832102678690472,1.2942615851026382,2.8766834854240075,2.9279299074518255
5.333361573565325,-1.60764394141056,2.648395767777118,2.731441154021968
5.7363136943588,2.1383454469400003,2.6986587348484816,2.692211054009052
6.059909495063407,2.309104455880989,3.086268924716071,3.167165352806861
5.799497900336464,-1.0592616705207272,2.5810977452089077,2.9902409748150474
5.738900012692253,0.7145642326767476,2.521903803001437,2.7823684774527395
6.242562302634899,1.5394855996891699,2.7205792429860693,2.924443602241217
5.480123210275185,-1.485003931518982,2.707492928009073,2.769042671059
6.035661879401207,2.481165103210252,2.9268748028982845,3.0941450257201963
5.831836534642176,1.7876965496544812,2.9986340543736185,3.0825312570801895
5.8153485449702025,0.1138820336074663,2.6256900867178867,3.1739791624160105
6.059595055250774,2.0216634481404383,2.8970102838471927,3.012891845024733
6.038053301203233,2.5052524704811217,2.8181619904663995,3.094883298027524
5.761673000410848,-1.212843186515482,2.506117942396206,2.7087604041824793
5.973653219615106,-0.5039934262350356,2.2455890099762823,2.3790292226085175
5.506715896389772,0.0017719572590209065,2.6573628176392674,2.7635102859320932
5.758541700557654,1.8207312381316023,2.9875579206551124,2.9107243204183213
5.715111303401195,-0.5805254368505559,2.5423284234075743,2.825408890435895
6.036050312289871,1.3423303792630377,2.389912105179939,2.6315281901125998
5.6131809898140475,0.26369493201407906,2.635032067194171,2.7394831072618557
5.641423920164186,-0.9403396302266454,2.166802584292599,2.536203596243665
6.191581199439613,0.08972902926528481,2.480470087278459,2.6569689669512426
5.839438950943064,0.5721520416278788,2.75414234873492,2.8303079395310995
6.060014201827514,-0.05690926469414881,2.8378621304913643,3.037454353551259
5.778511675292152,0.8196711128452618,2.692984040650305,2.7847513003091766
5.578256968314546,1.1407516919387728,2.9282181731983785,3.031691916438518
5.582647792219066,-0.46518435093671995,2.774713337906917,2.773847358815993
5.547289931186946,1.9655560115851682,3.0370775033423145,3.121910938421205
5.679928072861544,1.555491701146337,2.7193452366555473,2.930359689672893
5.88983137741938,0.9271015523466719,2.347856653037187,2.3836650718610266
5.807352791721915,-0.056684552715952574,2.8397868227781142,2.971782237872326
5.90697399704905,-0.8207583966508898,2.4873670439827187,2.8942368363002617
6.241357353255802,0.10738190909801468,2.4699625192314842,2.7657300019179107
6.093504638595162,2.14871146065466,3.1902730728966286,3.385609865369993
5.89987562087333,1.8923356564069103,2.729053751789393,3.1220975984758628
6.006266523499313,1.5018787027126885,2.750581508970164,2.89790084087809
5.843616112373467,0.7731334430692504,3.046777802583982,3.154370449007067
6.012089611663726,1.8292441444952838,2.9757627028425886,3.1794286314056706
6.286704655452317,1.9686523587098852,3.21012621349276,3.4070864540321866
5.912324102859755,-0.5577053996906275,2.590623951842392,2.5634862223860644
5.877255538048393,-0.6647617724958467,2.7514889378604703,2.705390217032458
5.701982277152056,0.945860779022429,2.5567047306858206,2.6152522135008467
5.920969576338053,0.2771825701134626,2.917498221033749,2.968305870327911
5.376893069744467,0.4477640878584107,2.55805323106831,2.7420231423615697
6.016348601634277,0.692427296127839,2.894441099738272,2.952542286263867
5.728863724325666,0.8982125585389327,2.7222725395322724,2.8391190116011766
5.3813039680189245,-0.8208489429021287,2.750646344390291,2.872584384048241
5.918888590531684,1.7215682180788474,2.713917446001897,2.9718598818791184
5.831368334088534,-0.25256730616356315,2.7629075389176854,2.9960088131854077
5.79590966376451,0.9138371740730958,2.4665225228707537,2.4641791061129075
5.833940897052681,-1.2599228592247773,2.624027732076783,2.7617873006918012
6.135949254735288,2.893509443760859,3.244398413352072,3.389545058711624
5.67575266007997,0.611437883010405,3.049147927897267,3.249178949388474
5.885457184434771,1.7636695856775955,2.7431037642825578,2.9037628034928744
5.870997106509649,0.29737350121450334,2.7190202836084696,2.902465776579863
5.522286494029343,-0.9539286937341875,2.4313385613039955,2.6308012203643365
5.9216885271035835,-0.40728192002143065,2.6926072618949877,3.0510153244293563
6.381536021229078,1.155900769871691,3.046422790842941,3.244987317214492
5.906749327927399,1.3149566250347295,2.5543334311763233,2.784647518500268
5.8252384639215915,-1.27335499220244,2.608988404960235,2.7979252260098626
5.901784127492047,-0.580382872854039,2.9340410491413165,3.0023175662632537
5.756109573629058,-0.4746932226507472,3.1144972947015814,3.1896649403674497
6.172715123559617,0.349544590944192,2.6545488174331773,2.8236981069103217
5.540287834642033,-1.996585325422247,2.7400058552309483,2.9272835557056465
5.818055079420863,-0.08253444214977773,2.9663684262683603,2.9587989184390713
5.5208608529098795,0.7999795527183736,2.56377223355623,2.761847544750089
5.749318482380864,-0.7624927226947708,2.6369797008932356,2.743677250354476
5.641077701670863,1.1541015291036578,2.7333819294655424,2.770960508505892
5.455850538041199,-0.238889949389255,2.690941868302964,2.9500302649518506
5.757362121458747,0.5039099771818865,3.028225889101143,3.197763995443646
5.943762628209957,1.9460069139576852,2.883938546651052,3.205613588776002
5.390277543930536,0.6768181932207551,2.804809069878442,2.949573929325246
6.193660138467524,0.382430072492081,2.571760716154913,2.791575683564297
5.924342580393257,1.1154267081211906,2.756027821836792,3.0469998153368527
5.690436342271547,-2.4099795202286196,2.7256017691127497,2.6239137967488984
5.991077526583571,2.576248267966394,2.9338264332976944,3.029671904690158
5.688264292485741,-1.0910612672900175,2.524238031973054,2.7399245494423017
5.764063162474568,1.1826955038022078,2.6731428362568685,3.027021483912487
5.3365938754153355,0.6304104820916561,2.6569070234141825,2.8297291324997675
5.971906535413116,0.49502476184641386,2.8406319925472348,2.9175151970717863
5.3695169283701585,0.7564493483262346,2.666656786737521,2.8968614369838797
6.047532613230701,0.6820295852382969,2.5745040416370273,2.7228132232069977
6.118544826570722,1.0357629942701787,3.0192821009419255,3.2561187518024406
5.555244835555483,0.6235743373207008,2.9409512876111927,3.0542056573711043
5.5263036398298215,0.8397067179529789,3.2473120953880517,3.514179743118161
5.6013787392444145,-1.2489778868389043,2.4712757072869938,2.607583326496859
5.749666907351377,-0.03852225385953799,2.676883533577602,2.9804119287562845
5.83991314216725,1.7584127377757355,2.8816977881286983,3.1329850068018894
5.675381291653837,-1.8875855890073092,2.6035593505031525,2.8728065312026247
6.1442316577356575,1.8750050416208883,2.7680751132838632,3.1059192627788166
5.632286399165411,0.10066247554303671,2.7498726784778844,2.8009979482267378
5.389151997943189,0.5804405399461942,2.6041828680106156,2.8050082079508245
6.165880947717091,1.764799057867644,2.9735790963483897,3.238367017598486
5.848935081060471,-0.6012855749260052,2.5990425939988264,2.775076504635024
6.063279731521049,1.1146975809705073,3.085713295345178,3.2035761840387584
5.5795249540933956,0.1416497802137618,2.8295589537985046,2.9333517810718175
5.665718179222735,-0.46678094140474424,2.968779790642488,3.129046787935426
5.534626909642213,1.3660705287438342,2.6938543533782173,2.939117678061466
5.7717110427152685,0.6675081305036821,2.574436471824174,2.824487843303326
5.501385742034534,-0.07476363443373435,2.9512159634430155,3.0099921651483106
5.410700549477292,1.2771459623287131,2.721131234180276,2.8392064237123167
5.729469855252052,1.2333701972114368,2.8630865341014813,3.0652899440948485
5.754770790936115,0.2787716345315818,2.2671080287565397,2.6465891366738967
5.510814939810668,0.4833038943156761,2.525002034469374,2.692029733798937
5.748185051095655,1.5886206720513028,2.820976090212865,3.0014505483864267
5.703843342102366,1.2761161344739116,2.789851006298713,2.942390610914048
5.853594137680582,0.449958281988156,2.7312679444777,2.932104700247236
5.709461027698872,-0.2577548306685638,2.694425566948605,3.044402859990016
5.6313489777515455,0.46608034036864493,2.705384012201202,2.922416393428131
5.551232787859121,1.2857563532145417,2.5495998769659387,2.65001905206506
5.70233419061676,0.6408200362081602,2.7319514534600216,2.9298136901822245
5.886996067998689,1.9530869002338003,3.00474352949854,3.1881807131907065
5.225678391601827,-0.6061831001416205,2.969999884728818,2.9726844333153184
5.890428248335314,1.146219533901788,2.805210710226423,2.949960768035669
6.203613843268982,1.1948694912823083,2.9951499290819976,3.1403510725732255
6.04407195034794,-0.4567030088975028,2.5498506398391996,2.746655478248433
5.830419399024392,0.6487899148772772,2.719844636149916,2.7945560650576486
6.30098309966259,1.0400050367352112,2.8054542766742925,2.983548732669929
6.196075505806584,0.6976267602174516,2.91772290778803,3.0580109994052176
5.805831382515929,2.2080128081970947,2.8168697423053963,2.8138383904338067
5.708158091173135,-0.12832178979285325,2.74575621839998,2.8136955081453534
5.929368768349557,2.4217592900082776,3.1081125006739847,3.214739107403997
6.084444433628624,2.1231114197498004,2.812698901202685,2.908717372493167
6.3528017196510325,0.8032010718522758,2.6528853369794536,2.8712811057709633
5.820093723754964,0.7753212595169025,2.80357345423778,2.9560778751186403
5.458329416759632,-1.2141237059429923,2.666301895251778,2.787615466756267
5.718703107261498,0.31710694898277275,2.8064743616203924,2.9325135778983036
6.265668993950242,0.5817388009026087,2.8239220064001733,3.0952998350654535
6.100347264377974,0.7573999948716322,2.7863412143392714,3.035157353862295
5.8492467662780365,-1.9695420512271664,2.279230423953481,2.3980533600084364
5.450452452233349,-1.4459467634759426,2.726218049491107,2.749056822203433
6.194134293806236,1.252846392167155,3.0229762625452645,3.209991768682693
5.402102651698447,-1.011203488200375,2.4803649688071037,2.7285168581418002
6.023783914137517,-0.5635857042470757,2.872299669097408,2.8937808642537597
6.118246109560319,3.0042608542927853,2.7749956446224338,2.834746893302181
5.151790211405888,-2.9051379551437493,2.5389953106210266,2.7439003135127633
5.908054433414264,1.2093690817542675,2.801924094496318,3.0182200955505016
5.5909584650341815,-1.9945160038114396,2.816777449618165,2.694087464653939
5.968363165041009,1.1925701596399505,2.654930307846383,2.9183098444311137
5.86783431365632,0.018239823305324837,2.6667476471636,3.0013981261515292
5.824939398157262,0.9667630749570025,2.7488531466801005,2.9602313784404766
6.210376467163786,2.3409475131980138,3.1415745122479377,3.3142235744745525
5.958039056384965,1.9762479353527178,3.147076018316438,3.1251864916570526
5.415239586957646,1.736256597297324,2.7535357586361258,2.7359920069028623
5.674031472207963,0.8077531267086493,2.8560016543781743,3.0800346711935207
5.851191514001955,-0.6495888987852516,2.6798554370216126,2.88731798801067
5.036717205235624,0.33955399578823436,2.9085693217234705,3.0663543674660105
5.983478799089342,0.6302139768277872,2.5196313306806077,2.76923342342805
5.496809801639609,-0.7019739307607471,2.6274646590013973,2.7486043864841347
5.806192365860172,0.9665440522132387,2.7102233989890356,2.9815743679698348
5.227793497570846,1.278277948405785,3.0231481220363072,3.116260389461072
6.0036276059809826,0.8763625668530786,2.749602474959489,3.012386117480448
5.668857117843081,1.2616175511891679,2.8195995463109416,2.9806839704990615
6.095290061052982,1.5657808040929593,2.679523000699759,2.8949503925719187
6.284038014080426,-1.3693205409211333,2.525516279714225,2.923739340697767
5.4415669339897885,-0.01058141453794001,2.7039241074635423,2.848586981867897
5.8372450192524195,1.4699008184564113,2.782665607323761,3.113787114541723
5.669012313343595,1.1395698727331895,2.4141400432820106,2.6541097831345697
5.919103995557794,1.3299723362331863,2.9514138580561706,3.2155953728161237
5.7220690161069205,-0.14629039784341563,2.8940607006177546,3.0998564183126844
6.154105938907112,1.3349552336152812,3.024761935389865,3.0305806841640948
6.029136975481652,0.7835898100985735,2.4934213471140247,2.729850733265186
6.091667594323565,1.2459431437159252,2.5952316398794952,2.758258116916111
5.409608578390066,-2.2882418936209135,2.550029992654393,2.9735209135827176
5.676180598192551,-1.6751231719360073,2.5969189627039784,2.829546298085117
5.852016037079713,0.9717775707061653,3.0255354293395462,3.215885078050487
6.0014051725446,1.419382338288073,3.0310395268661425,3.1177627634225056
5.847140417220491,0.8622074698776753,2.6499825115920155,2.7589763688353903
5.893466485642257,3.3499158984225685,3.1093083679422735,3.1794571592048975
6.067251475404414,1.6221769268619997,2.8981750210251245,3.095338627057538
5.317818797621305,0.9154397862254235,3.041713400876427,3.1769274457474985
5.692173068088685,1.223737973001731,2.9618615085560593,3.097323166106219
5.8683784869459386,1.9924898185462543,3.147632144092109,3.034905120869146
5.843674061498037,-0.06563622623170912,2.9560835291774827,3.0987990606223352
5.959610961261874,2.181842555293109,2.9681495036946703,3.152183894881059
5.830223157444455,2.0044519869968784,2.717277316105741,2.7191386285182286
6.075546270684382,0.4414078812337001,2.890599355232513,3.1725510558992673
5.944232128837831,0.8571104686895539,2.762958427477399,3.034290909311707
6.141889764522832,0.706931923461015,2.706218261327396,2.890606572225142
5.6285619371023285,1.744358063184415,2.482470184808933,2.8170624105274245
5.589844861520319,0.7026886283561288,2.5810369528046126,2.5951083557581427
5.633361046293657,0.9601598554057611,3.0580780859428183,3.2047966902197254
5.898057286538941,0.6706983494659059,2.5518776084960413,2.816969716865489
5.787748498430543,0.39302899980472084,2.8823141787671194,3.0854350142908897
6.43948228392668,1.443801716681064,2.4468399312376627,2.646381074605376
5.771984500233464,0.2388680247853825,3.0636543624598174,3.114551647759898
5.63497266992579,-1.4177527243314505,2.4984548353094396,2.725509046519366
6.027467433022477,1.0184378854848966,2.7868775794363443,2.7963323349479374
5.48001219141289,-2.94283023781931,2.382204551642935,2.642708082642635
6.077162958470642,1.0955519496612232,2.8509656674131687,3.065719758047903
5.9306052741432485,0.5413805108779604,2.8303815347630725,2.7955887835496944
5.630598243300871,-1.357866592075634,2.5841961039862342,2.8524252880287437
5.558088268500952,0.5660753253068593,2.3845801424397886,2.622360277063028
5.713512034868034,-0.8518821009423575,2.962272859500772,2.9977046596789383
5.178598494083984,-0.9374426401324095,2.753134547698147,2.7689934192422325
6.331844958330911,1.876603895424502,2.9501528011316407,2.8880652503514233
5.370461790906319,0.7067883455821528,2.9608486011028132,3.201334160233542
6.115382262205745,0.9559522923654993,2.9639254310262224,3.1062905176744673
5.9694853371844925,2.579751808407623,2.8014014536434235,3.019142215150832
5.5984110859842575,0.2740462887505249,2.733646386567856,2.893778868338618
6.131516592853385,2.513577005429462,2.7909761110347153,2.8541793257847905
6.118819972770465,0.5256956469440098,2.7282147705588473,2.9021184577336836
5.430281159975064,-2.386336580140105,2.6127631546123378,2.6464920694360012
5.89366401558052,-0.738981673588869,2.706990481671647,2.8666532334982247
6.349347027703483,2.149072457665766,2.852234203504593,3.166806954835499
5.86639920741936,0.20769889772667408,2.675006395778893,2.8291131550403366
5.897538542301885,2.575571560562815,2.6170484197967907,2.9018582227718497
5.792906011035992,0.8072018937107726,2.7694698644019335,2.96538717493355
5.946641365474565,-1.093966954905706,3.0306186416596144,3.133404612255271
5.653939067416546,0.7208683607690592,2.6173867881317316,3.0167964144616537
5.671850134119543,0.9499550519655354,2.700568087090473,2.897613449438786
5.918386620363177,1.745171794019158,3.063799561982334,3.146843550772066
5.865889788816082,0.11846085576924881,2.388808999392387,2.6364881898004624
6.24542720181728,2.5289617324076943,3.0162689502510966,3.2712972014810777
5.757311606050704,-1.4851932925266995,2.593139861646084,2.7440931668058965
6.365481072087613,1.8820159265146659,3.000009823414876,3.23544761024439
5.655308802087725,0.6692119441015634,2.852900053206928,2.948452572602852
5.745483695335185,-1.4327924988073146,2.4990009416981867,2.8131471955988614
6.302209274714175,1.5062425503559949,2.8610634639731276,3.0451396731416933
5.789267286158689,-0.550070011377777,2.519767473421531,2.7005361138987474
6.067799257851082,1.0702584485713196,2.4536123038115654,2.9491295455178497
6.133559159079979,1.3319543084525156,3.133697567357776,3.3593727431681986
5.865340125236565,0.08329247274524999,2.810402669294706,3.074988929633218
6.036708775680989,1.500766057405822,3.025283542885538,3.211479621154282
5.806283932667094,1.4776910829015062,2.648664034575539,2.917793372597518
5.668524808992162,-1.623650125101453,2.7872146784623455,2.967527199828158
6.0618231087205325,0.2925110406758702,2.353420207521527,2.5302219137793123
5.88780852614701,0.7987246767871781,2.8280955264450576,2.9859812528339207
5.924168399422215,-1.6808736894112521,2.6697804460551975,2.8889185917042774
5.837043247510009,0.6803453691850719,2.929928837596937,3.048464163061726
6.032588851108454,-0.5222756926485136,2.182083162164514,2.5791350645352393
5.747875202858279,1.691165095488325,2.869591644081919,3.112568536426823
5.809970564332453,-0.010106666425389599,2.7150018053086447,3.014095166496492
6.259230175991749,1.1904891382029805,2.937066483289721,3.125663963801749
5.732287780697927,0.4466163858924547,2.4963713038655317,2.8191339654228535
5.973514147402612,1.5120485628852665,2.993492440487842,3.1005799201488804
5.653684728309048,0.38866302149192467,2.9719815541598003,3.065911714996389
5.761108728576401,0.3601994862281177,3.0302231412305476,3.1322283743120107
6.043245130202651,1.4057523377141419,2.5833985195476235,2.7109296974665287
5.876097555411352,0.5585414747257745,2.7341145692334132,3.0535673875270826
6.05937895051669,1.2060832927307263,2.659580065959539,2.8730347925255124
5.572969966869869,-0.020594153350150468,2.5548460985341985,2.8800407591747037
5.175885784381737,-0.588049084282559,2.6542158308865953,2.7798177085693574
5.85122572047152,0.7555487383882469,2.7053033692008066,2.7319954450777892
5.634039590748452,0.09271309823263296,2.69060960381372,2.934191653748329
5.5876015406100725,1.3410693238912867,2.6615680327233986,2.819514794146101
5.905444969567793,-0.38201918238854665,2.545387304028961,2.8968292559446795
5.910659546386657,-0.18360157643875188,2.5748334301266285,2.840630479046214
5.6851802332125585,0.9304124095866825,2.619707623325673,2.8987646391355995
6.080892474029828,-2.0648132193749675,2.606498484867663,2.9005228710242488
5.92016269716665,-0.34327187841982376,2.36662104682478,2.6205594265596774
5.882839063141385,0.14646587638466058,2.974755420296183,3.117842578295108
5.9247258706040675,0.6407004952169502,2.8640151585418825,3.0043633796385416
5.973602064692326,1.605103242689184,3.150244760483778,3.256588307102437
5.877285558204563,0.31287872746625894,2.839441579770482,2.968803957661821
5.780487198141959,-0.2264874833444634,2.7864774129687313,2.890143052664148
6.096103094513317,2.351988568280612,2.8329301100202136,3.0142296573664598
5.493343765503123,-0.08097797132405715,2.8240782176514525,2.8424350103350733
5.721967222056559,1.0523444076942803,2.9320822063449117,3.0188364156468923
5.498761791798825,0.8905983368777852,2.707089897707912,2.7420899596315813
5.574244963025233,-1.263641395290237,2.579945752406275,2.723750397389965
5.5171907388943335,-0.6415559911025108,2.8664947802179848,3.2568315890672848
6.171683169809109,1.2599865482705765,2.859809163053556,2.978391141154889
5.904816423551445,0.846753036509792,2.351638117195394,2.480566173534244
5.529532699307178,-1.0785918658900215,2.5655499054616238,2.680894570322568
5.843900618816263,-1.1480764959384857,2.64436417518979,2.875089969525831
5.816528593025888,0.2251793599255003,2.775144720401454,2.9029025999725064
5.642852747085286,-1.0378118610230609,2.469128131820731,2.6675892852235616
5.861111792380423,0.943687244652597,2.7126582610136505,2.902464487154748
5.9253289835679634,1.1829224059159256,2.7669155494831896,3.025940613022123
5.777253229054244,1.9196299885768449,2.681964302360449,2.8959080634211745
5.040740926106307,-1.8047064160621407,2.529029369531389,2.707335125937191
5.987518008755193,-0.19635878847484145,2.6269982271442327,2.9509758555991352
6.334025169282285,1.0876024936593174,3.011287352326133,3.0859210628364426
6.120888243351478,-0.32817056372909903,2.8509615944986777,2.888376024469431
5.5403123584719225,-0.037199583016735704,2.6543796651804983,2.9572764047240736
6.300436360448494,2.7823396819541415,2.7912354931964534,3.185011431137448
5.793654101618169,2.018069400008621,3.035212845627747,3.167698222649717
5.281222963326246,-1.281831426845538,2.8682900945062415,2.8440718907460245
5.753961629480122,1.2867765370059818,2.744994797485103,3.0229295577415805
6.085797958330264,2.2609149146902667,2.692976098195982,2.9494413558354067
6.427089439087735,2.820054168779475,2.913275141811101,3.1094029093952544
5.893771770154489,1.8422597220448576,2.8020935963021616,2.878147340455895
5.81920344311004,2.571615888994611,2.8846816591060036,3.0942605171933426
6.1385671168115925,1.7856565498476966,2.9024337917962835,3.1253646307231553
5.909525057754368,-0.5386604446955798,2.7162647648715645,2.790518569061401
5.688771552847097,0.1591953899970925,2.7170865259682913,2.924266655736351
6.138459235362801,0.8001903580720987,2.8743310112097182,3.02562441588334
5.550875729409292,0.8618142322387726,2.7616031079265513,3.0178924505587696
6.0288127204313655,-2.8419284570975103,2.5040617809197427,2.8691347286321816
5.730535230406669,-1.056849851924956,2.511200005875917,2.6179892720369358
5.770386977731491,0.08587257319221897,3.004089165345073,3.1159078730932785
5.666209933558647,0.7330791967510121,2.84316870293756,2.930255180864667
5.818667770642753,0.2734627328111175,2.4618345181183052,2.685215664876007
6.1170478234572645,-0.8323161431395099,2.613291830339347,2.8128693537130074
6.203685187467815,1.510221101511816,2.795195365650978,2.9508156623554527
5.904922472026297,1.6760242427742116,2.79665261802388,2.964800185404248
5.568424056859126,0.47986539212857776,2.8739896354316254,2.897757291111609
5.207805691101422,-1.3520763751289677,2.65142396336081,2.997619921006344
6.267063388281124,1.6681251145528146,2.7848859085994655,2.945228440293878
5.020358062944029,0.12720404444672395,2.939271176301699,3.1216816867000605
6.180492310988131,-0.27285838426961,2.8586902881062786,2.980529336967349
5.904505199515755,0.9516723127593982,2.8706759747833073,2.957389783688069
5.7776150306065155,0.4564626400378902,2.7283113503412353,2.960319669617985
5.80712209478708,1.1985284210702005,2.8731848151187425,2.9725345877238625
5.738322479658482,-1.1815309242636196,2.501889798534773,2.6179510205507004
5.523006121452093,1.0446151252682652,2.881580863938055,2.861147768088581
5.973075568258539,0.7311037697842359,2.57472576210928,2.809832755633948
5.429344268176193,-1.1373784090520267,2.631600781324802,2.707483682269802
5.525239714644613,-0.2147463630536115,2.7806869897136863,2.977562111732354
5.896764934421415,-0.6521683240220658,2.665444176070583,2.871831223913727
5.753543848114946,1.2859855320257947,2.7516087372586364,2.9280745516392788
5.745261134818496,0.1660311550514,2.757435888383449,3.101087948108538
5.962008259568624,1.4449670042420082,2.829889052811982,3.0169671456210994
6.285419819271661,1.0543492939012375,2.8664220006566854,3.0661245648856372
5.450117706851841,-0.6705738447905869,2.289101566051385,2.4217262734684812
5.440508045552293,-1.0166278819266124,2.49481338225241,2.710015223555845
5.970119218476182,-1.5565198349246243,2.3249893985267054,2.637069116567825
6.12092294131584,1.4053487890899363,2.7480491036438845,2.8005079976638245
5.757994916016902,0.2592451288565316,2.2422788400251363,2.5760220775746783
5.668483573973621,1.7626067281771167,3.0926612923608308,3.2337628079852685
5.6564366808796285,-0.34926992042145777,2.2277682818582747,2.4003811077127635
5.9854488562388735,0.8336243540011431,2.5600614433234417,2.650867476117381
5.879563716953785,2.117257904205875,2.6882887530938593,2.768159979543661
5.754426430106623,-0.5894490363611692,2.6061976973639616,2.91348423680382
5.443069903786519,0.07583057106098967,2.648983717762326,2.728247888223433
6.149037747570423,1.1327298002336104,2.9669770636806883,2.9193631549862813
5.576618515502964,0.6482431003993863,2.614733307572556,2.777303409044249
5.740735688662711,-0.2608559431467049,2.513900905846833,2.7560835998526168
5.653754573988137,1.3711679212581704,3.066488572775496,3.2129338535449854
5.471693237844867,0.4393079104444463,2.717313974369723,2.8688998244230133
5.885411588239834,-0.27797233645110686,2.66971839237862,2.808081408164438
6.280382513112818,0.49498228380786025,2.694281251873508,2.9085279093996927
5.898808105467022,0.7321560070135604,2.6662902866707734,2.9513507614194863
5.524703957637758,2.0597326590964795,3.2426945917320005,3.2847235209674768
5.5555967386817855,0.1712207048784336,2.8524955505607865,2.9238596255637836
6.1099613346005235,0.22000142356758595,2.778861749631494,2.90242409738575
6.104265894710059,1.2728067888667762,3.0772381199044574,3.2182836720716184
5.737717811146513,0.4184052476120288,3.02518814810474,3.1893164386040276
5.701014901244097,0.6413940834445806,2.7003485438387975,2.9010145488062125
5.7057085060944965,1.1686266482311318,2.8687371103863515,2.8832366316357394
6.01678794489161,0.6204239978511628,2.98508885059563,3.1593137487298035
5.386051281496439,-0.8569227867999538,2.6402217388040397,2.8235207680019636
5.488207420131152,0.13760975607190773,2.6631134153824285,2.9265459533865625
5.676121653914181,1.9081005914611473,2.906884604597874,2.9694215173886978
5.547223022600255,1.6259712513447253,2.986935745114356,3.193280041141779
5.741456944451275,-1.8025532513184623,2.6942214500282917,2.760312543045407
5.399985795488801,0.08305918324739829,2.847678845023937,3.0036146353861612
5.667498781011073,1.5967974476889444,2.810296249246949,2.9748209757042314
5.553274556010688,2.2449653574911004,2.988199341041989,3.2550330404286036
5.917946852200383,-0.5727902525342029,2.5501564041490123,2.5796771117862525
5.8957163090596225,-0.5623273982856033,2.9307375587275537,3.0513960411999976
5.4950740123694635,-1.444976670019959,2.4510276920019636,2.693221383354511
5.862337965513325,0.8768403862649468,2.331251086424841,2.4960180516459816
5.959673339261883,-0.20764558126860155,2.4806980802586955,2.6354470521465054
5.576383142567451,-2.385162767946228,2.3695988431854724,2.6128053495740833
5.539011807115141,0.5412955392876642,2.947009297862086,3.096245435796374
5.715326992951511,2.317708364096153,2.9545834457785745,3.0877785375759563
5.4727086942941146,0.5434523190054146,2.5590445778554676,2.8729301649957613
5.553759190684074,0.714521960105938,2.6278591089377596,2.8283983675803825
6.320726796195858,1.4347656225304366,2.577215691055815,2.868384622675997
6.0770105758337545,-1.3441723339367277,2.152179451921169,2.387567838933135
5.6843263782742905,0.17350418622426866,2.5441699148049874,2.8258665727929344
5.659958019334704,0.12700507332206934,3.0116069872828484,2.922114530918767
5.690883736625832,-1.0388860575318837,2.4289767779488085,2.754691013202714
6.001769296221415,0.9763500821861676,2.539560955645629,2.7435718361695676
6.082589518741426,-0.13621471022093184,2.8036772338667335,3.026614230400095
5.872531986735623,2.1517095719291595,3.0713127578094124,3.1014743902630344
5.543453749053068,-0.7382522359036686,2.7972600174030564,2.886075593648534
5.625475212759838,0.5754029416647113,2.750625408338034,2.993145131603591
5.67911920002556,2.422636300900597,2.6704391003423122,2.90224111645284
5.507877248676477,-0.0390605042253237,2.751689771553931,2.957737858643985
6.015095788922645,0.38551385064553734,2.9999193358035434,3.0491641563873797
6.489213031155777,2.9296062104648097,3.0209736859893406,3.176281029069365
5.847498518897335,-0.40264253419797136,2.883345363988181,3.0002251419198664
5.92368578650143,2.265626772371448,3.0651053778910753,3.221559939108542
6.1724334746843175,1.8365783826660496,3.008136536097508,3.209286513723728
6.08593994598133,0.5593204359581154,2.6468025924711407,2.7729472746511687
5.687227675774812,0.832731910175154,2.709982141491998,2.6043394866371896
5.565914782399012,-1.4151834230847111,2.5804723020576974,2.87458496931211
5.600774016626207,-0.49366218844080334,2.757863285670286,2.9691073067191995
6.150401396287171,0.9809592560544087,2.9116163389672494,2.990449219898533
5.4290238167623155,0.6600154433948765,2.904341773885048,3.0426082164418857
5.223040812765336,1.1664418981804476,2.6754868742751423,2.928919496317872
5.783146610679922,0.39685240117296083,2.695446750485943,2.958740293843731
6.161398673577663,-0.2223930086503351,2.8152159877889633,2.9805555671081754
5.6112156001424545,-0.6768257541773917,2.3595292482503374,2.646618103476747
5.969916474752078,1.3668104158202141,2.8141634469376795,2.9490021371507447
6.089131088276139,1.4763581086077222,2.5131782448005326,2.8522881528369295
6.074337546202875,0.785600753331358,2.843576284119367,2.9284278124532697
5.888963438284502,0.7899877402943085,2.7513476761582787,2.8639446284103043
5.813388970139875,-1.2523465269608938,2.505014221686923,2.8030665752398747
6.0161749313078685,0.8694997414392048,2.7847994493145984,2.8350635584031343
5.909374755580161,1.5513566527754787,2.927594499956244,3.106639498769241
5.576384899139845,-0.20891402488503563,2.663294138062061,2.7328125560640624
5.549302389248114,1.6631061673010383,3.088610008928878,3.157682589394498
5.567820776155134,-0.8369199890492398,2.6290715469788766,2.9186442495897698
5.949680925596211,-0.19003380118102098,2.788013562184341,3.0649640153790534
5.854040321310958,0.6691421131413268,2.8645410782883065,2.8347158303130193
5.672630328309966,0.6520059122109177,2.7500424196575155,2.95948301606897
5.843700537320357,0.9777199868654554,3.046996765841303,3.225649666793442
5.972341394691688,2.6949670754453674,2.6376174527431786,2.892742284372135
6.013199880573786,0.3743791684073622,2.6234167338654637,2.7258710995678728
5.722053948821307,-0.3639659657040526,2.7685586071352914,2.863705278034585
6.04458862427633,1.6754292462891858,2.9346209724823074,2.980531233620092
5.350422433704799,-0.8022998919335209,2.616774594283476,2.8694042892558023
6.065273232037985,2.4402940068300434,2.7187024452517567,2.845438738652212
6.146409816717332,0.7182055794046676,2.5841849273035677,2.8987910170601325
5.7688184615142655,1.1372009555157272,2.839465006767833,2.9868750331768807
6.034034805988265,-0.12380507853029224,2.9762394786809074,3.1520831080461145
5.850768592214868,3.0713053812566997,3.2063963542319405,3.3168379350918347
5.749739805103043,1.992092799407783,2.951350656827369,3.0039030800287625
5.59067917469306,-0.30018782747175377,2.5301983560923476,2.784655323068268
5.419384069628174,-0.10538075747529006,2.8304407691246247,2.800061793101922
5.722575349527289,0.4924594676962207,2.696071349459202,3.051198427050867
5.986952389658781,1.7835328668618828,2.659666756411629,2.824104731084769
5.720637173177412,0.4636011825134815,2.970812095201249,3.0486417370617627
6.49240900056104,1.427078235577952,3.013922819319017,3.1258571961949233
5.520711188276191,0.7773192324718505,2.6504315661440874,2.736545129833107
5.617768603107248,0.42099244562026744,2.927128859985603,3.001556566343925
5.924885713631054,0.2364047116321309,2.966810297493451,3.110327393467046
5.683819152817059,1.4531531828046382,2.6948423759202185,2.8211563554082124
5.503276894105251,1.0266178243344355,2.7285075563132875,2.9397748881149535
5.716611638342601,1.2231755583132289,2.9847067198198047,3.0639047848962204
5.652184370032225,-1.2925419081577356,2.786237518194418,2.7569642423194947
5.408456866623267,-1.0625206023755658,2.3927774313460164,2.6364645864068326
5.56709833301642,-0.8274913559933061,2.763477161836036,3.0006008165772426
5.597382066569023,-0.2395204556494794,2.3054992447842917,2.7709628458853617
5.95904916228395,2.333621599035056,2.6774622800160603,2.7727281535117756
6.350479736322367,-0.401452143653915,2.681603493666231,2.98686485357132
5.529199771964877,1.2752981108455559,2.7876637445924235,3.037034007277474
5.4755997258619855,0.9286497437718574,2.981768358305941,3.005623276057883
5.314531484909926,-0.8023292899222058,2.861247897226213,2.945061720215385
5.920938334429604,2.5062468954935806,2.9716517041765105,3.110328889893391
5.929799942938244,1.9163712668161497,2.605048384989321,2.767891137129298
6.140907536113641,1.6119568503081554,2.781912352170288,2.954430072567214
6.017294990887247,0.8341840462885952,2.7603694024234944,2.977231379067131
5.643901158864304,-2.9420251923914353,2.85397952163298,2.7787098837325117
5.654339371162674,-1.8013374119297945,2.4254211867028417,2.515829978957931
6.071390076623437,1.4221688430636563,3.2566067388412403,3.4109768962238385
5.304497023239056,-0.007363634150822862,2.788933571998454,2.8660843972678176
6.057400234474793,1.342883121177739,3.0883981289577918,3.057949965936446
5.56499790536838,-0.3476195831693306,2.6879478452748966,2.86712153487301
5.695822083164111,-0.48272726610740235,2.5466280854160437,2.753221731449898
5.8311749612290145,2.0158948641415866,2.7213553790926843,3.0396166630219748
6.0066764351579875,0.3368480562686541,2.661990966229034,2.8891175750123246
5.975355859721419,1.8806914086342603,2.5960380584909686,2.799194007414322
5.591814116682947,0.7700729745781817,2.6942060288939933,2.8886798170424215
5.607299149252239,-0.41483777647747067,2.803311475031685,2.854530920441868
6.522438079521438,1.1599083978428117,2.893833471672463,3.1485311022751397
5.973800096573896,1.6483919866442618,2.7256013960278187,2.9139984017268814
5.926750239790745,0.15362127799183678,2.5095386612685235,2.6263119232366328
5.6196023573833385,0.8691074549478166,2.7595085632443217,2.824999848678008
5.604475117122292,0.6081242447835985,2.726737026703093,2.719316711320173
5.865471499310425,0.8216060585305597,2.787846669344073,3.0109009583467223
5.69411694904598,-1.2879388566587646,2.48097788790057,2.792558782140163
5.479653455319438,-1.3556282442748024,2.5482876774871244,2.5193681253888474
5.6602935272860275,0.6885202231174204,3.0287882280796694,3.1544119917998206
6.046225840252256,0.6651648219544315,2.7714858275527865,2.7764761520605226
6.4418539226886855,2.190529885337524,2.7958550918675007,3.079677876727117
5.980958120789569,1.3277915643589977,2.8868753620224767,3.104521400047238
5.874398045836838,-0.12030625735464706,3.1088812662126237,3.1538534669901663
5.9977371242892685,1.6374745397692316,2.5717010646979874,2.8791804109286776
6.052869013916699,-0.4376066949478288,2.749299113596077,2.8522340937291064
5.482300127392687,-0.1609501959556826,2.682610279265396,2.881890889293265
5.545935411856994,1.3273424347538199,2.973020851755334,3.07126814848467
6.367851750321023,1.4247326332966317,2.6854845770829634,2.881168527820499
5.663234228417296,-0.6703835696656294,2.9260001449001156,2.9725669691720813
5.953198460317364,1.367385766590073,2.9970929048861743,3.1122478352917535
6.169793002141177,1.4719654563170865,2.938876249942,3.134684205657109
5.494737940922893,1.018663289072843,2.5056792884503856,2.6341738961226158
5.964880970460647,-0.8357428379121215,2.34840551219321,2.70413445065167
5.868036351789749,0.8213253673114455,2.4593031309421014,2.729774629032887
5.791775587933175,0.5384657726184209,2.741506353107476,2.71534016494185
6.272915405659246,1.3793810071460184,2.786919128114582,2.9081799116123155
6.050071302888343,0.6896336342449673,2.7619809261038575,3.016216498215442
6.3580407020288705,3.507309070998623,2.925077096211627,3.1563369999969693
5.663322636061706,-0.34845214359415516,2.6038234060514673,2.7007671644457942
5.527907251351584,0.9306185575213415,2.64149512054954,2.7802489331032527
6.068604498515528,0.21831542152692265,2.708651492565591,3.0426595419928297
6.055898026438222,0.8011277582539953,2.744862999835289,2.942996738025583
5.59402121837047,1.8591173934952099,2.8729534478263403,3.064081460693558
5.657366033416026,0.01650753858942633,2.668131920887962,2.7463650539416395
5.78578905532713,0.038601678220566926,2.6021911328119174,2.802575024155943
6.150331311203952,0.9107421922500917,2.3988899759363473,2.8163354226778505
5.648940600560924,0.06520144384787868,2.72414058250564,2.965453675916476
5.661127588906375,-2.758677691816705,2.398858794549109,2.629317309184615
6.012688920454674,0.1430194497894836,2.2567782316995,2.621123916579544
5.800987779523292,0.7913179744327359,2.965045280199255,2.9649285902329066
5.661409358573985,1.3735061596276337,2.5992373357689234,2.908152096749717
6.340023835561121,3.5084491846326022,3.187041171839838,3.4397109184849426
6.195487744737795,1.7456135145248375,3.1640774908708194,3.239485407143806
5.639996589372836,0.5059977802712946,2.584605235847927,2.845047229405532
5.536661323722567,-1.2282707762644487,2.993990664714083,2.9732111671864923
6.05666012802392,1.0844829073130666,2.8508463281106393,2.9688908026759764
6.214015314636222,1.5574677033462963,2.7982932043237203,3.0557917564545836
6.120211029228102,0.7038252699161374,2.829591374955475,2.961456867726577
5.690995758655978,-0.016774332044036555,3.052268934296188,3.10981220618729
6.081222246218265,-0.027656491886411283,2.852856306619829,3.173850016221315
5.86064853964431,-0.29559204650152165,2.3996159074056926,2.643261338947503
5.860749903739422,1.9106359233440084,2.862331546890707,3.029839941715299
5.601242775463193,0.5465286690756535,2.894061616907498,3.1165838792401384
6.057127505786698,1.960722833269573,2.8353780291396715,2.9385282296082753
5.654657619426969,-1.5342927863523572,2.6337778379222727,2.8486105190846223
6.2992337211412455,-0.3990495273576737,2.6942185969575547,2.8150558621351087
5.039222620277268,0.21339061181584074,2.4192152713437465,2.6067205216137337
5.653121028507578,0.3586526390337558,2.8298936405161834,2.9967731714312213
