original_bar,few_fixed_bar,abadie_semidid,modified_dmldid_without_separate,modified_dmldid_with_separate
7.333954515456972,6.844920896850929,4.327606699463745,1.9861086252594125,4.220909270430556
7.457827987110638,7.226370131885357,5.827066224058287,6.857190486245782,2.3302961605615127
2.173281206077628,1.667277689359791,1.3389068528721455,6.829171336840621,2.458439561292427
9.534092094100572,9.003265887329993,9.16670226936727,3.5411964338004713,4.541945259809502
5.254382417476087,5.124704444837702,4.148010724549877,6.787058625016726,2.632567634869438
6.704117173109831,6.823973984379869,7.810963366461512,7.916623280052188,2.7323857180238305
7.0383452184827835,7.4375352361075695,5.924478874330035,6.816839841899606,2.8209489426626795
9.736491506314344,10.652807848229457,6.898048920380841,8.515387863875011,3.0418936909317145
6.36936989449833,6.644277216508623,5.667366789435708,9.599398449204106,3.4312612768464827
11.713911707227634,12.07373616345544,9.617969793016156,-8.903428200278594,3.029678054247352
4.566942102984717,4.690277450423931,4.51658688222226,7.2428356695918765,2.8867051167763047
6.058820074896939,6.161188457759398,4.79402582915065,3.906394679091925,3.44474730457443
8.216086955525695,8.331021344319565,6.696083388008698,9.527316588737992,3.430773186092869
8.174246056352768,8.212896472662223,7.498055330902062,5.654728594222154,3.373737492234376
5.980088628793981,5.661381084994392,4.372473004564814,1.6780189117243842,2.862568414421356
10.691192060177269,11.186465103435392,8.536987303615271,8.966964076831594,3.138681790046239
8.784578982049128,9.251386495797707,7.445294201927915,8.212539793120472,3.1291079370977903
6.466786054436522,6.532981230100611,5.8623669931444855,7.078147940692247,3.0220276207154546
7.382687972787011,7.480778271912123,6.155316846769188,11.105673475475863,3.9374842324590125
7.80375225290531,7.98026792785304,7.214524998382701,5.8741989998470725,2.971758649341816
7.493425905623941,7.450232714263889,6.339838390991729,7.7995744503318996,2.9461756238169037
5.558238392076257,5.691787656854441,2.4198070553188193,8.555768380625162,2.7022803345574906
8.171355447487564,7.957190112070414,7.271095085027576,8.164493995086605,2.720879719407307
11.687573942073854,11.575494962955434,10.285302007896544,8.826016889902647,3.0051492457795983
6.006105542436423,5.895567031792709,4.639243464798885,4.0691287946382015,3.691957959314553
7.848440155680349,7.695518211621943,6.0947275016110245,0.8623684221697689,4.19786438328399
9.972753444462523,10.112791993175874,9.189541688765111,6.569754325202716,4.292763860728321
9.042252305811372,9.12719047254499,7.5299985324768794,3.8850650317508015,3.7756109746890227
8.491387603824093,8.65992914382823,7.120563927673496,6.706221658793274,2.9447938347287828
8.484564428895506,8.3323702069669,7.364653405896367,5.104007950950895,2.8804375824009094
8.083522724357664,8.665302403972941,9.008635845492982,8.929566883663487,2.6897956802333525
9.576839889116268,10.06319140044448,9.280358278332189,8.325481366265201,3.5673301673920417
7.3614379289744125,7.346375996834331,7.144157303451439,4.345712857841024,2.3698064684505242
9.843515676486792,9.635574740336889,8.366653277755937,1.2480541021947036,3.848452519953236
7.518451214098397,7.652280197542606,7.198593810819971,8.548788868445559,3.0242804099890757
7.95276014073502,8.346373908161478,7.461769183165708,-2.930484496181586,5.1314327477015
7.760731314000028,8.258046619253609,6.557129205030142,6.645963610841065,3.081677792459794
7.944401807676644,7.972399587952934,6.155354999476908,9.281140945932576,2.5662787130345155
8.954879727376712,9.095571655207646,6.812286267277535,8.595086736882205,3.1980454780222245
7.763707687816122,7.8157012385319184,6.0223900886874056,-0.3288022034439084,3.24498114411871
7.577427771945498,7.913146335072216,6.586796272448399,8.05077517644227,2.5558532107244716
8.607118790449064,8.7092469023732,7.194319686154317,8.798910390245531,3.113261432854915
6.838157129995726,6.840438755507414,5.74581714278488,8.13442844603134,3.5020037336717564
9.109806495589819,9.231693543481178,6.860461597505857,8.506204980891908,3.145402028028438
7.587316355185165,7.440599136974287,6.42907606644991,-4.502466783654137,3.424408698535899
7.336945928331895,7.871922343281968,7.041215914586518,4.37073192951816,1.7099525819784918
5.969179644825767,6.18474365562113,4.699036582872806,7.639455898455069,3.1388627399021263
11.010798677190785,11.323076638634273,10.049190139652946,7.921632344502223,2.678557312214766
6.205680859729679,6.514748088777763,4.999388034614283,7.118313631734155,2.5592323800917702
7.794419216441398,7.835431004605077,6.7681256860749155,9.319657948863,3.426984122003083
5.692907203311313,5.2032661180402515,4.503310031606239,1.1193438154832198,2.421737199938127
4.23390830416634,3.654016167956224,3.414503485733991,-0.41841545314256834,2.232531556301697
6.310977478635408,6.247854003793349,7.092822730260032,8.149923743402699,3.0322553712293527
8.422606892207817,8.679302917723657,7.464944280089238,8.525524103925479,3.186571742798482
6.135197732740919,6.863936960970788,4.824954156168322,7.488965262568943,3.134331186216592
8.272792057318716,8.032357959183635,6.826044514087145,7.737517705177861,2.8972085604093656
8.180153444809237,8.299692513405699,7.589688237727259,2.654247500981919,3.3761689762984846
9.53190676432466,10.12254691073969,8.823748836914877,8.36781850270982,3.106344252898344
8.019512501097584,8.2864319218091,7.543273362678559,8.715926740700548,2.582296696411693
6.73157513492934,6.924002503779175,5.490538268721672,7.515590480114847,3.119626494021005
8.89632645459907,8.760645334024217,8.263623887228754,15.314354058817655,9.239667611393909
8.323595098659823,9.274493031671998,5.990153241079023,7.7447922015300215,3.2298484691981533
6.283810373683731,6.39919583915697,5.1477636967864795,6.616227012175261,2.8279449192757893
9.008337578595409,9.431385221051936,8.147072044432196,8.992065109141812,3.4653462018601484
5.246211981382933,5.418470129935977,4.1947579150931,7.589552400642027,2.915987091309892
7.674402303416922,8.525908662203193,5.474557272825931,6.856317869842818,2.3420750388878755
5.04244605147415,5.042029082692871,4.266823411635729,-2.705643947785621,0.17268587375181976
8.351461495547476,8.572781696128523,7.044576829017585,7.721604794940661,2.896518597261739
8.504949815734447,8.735462903940991,7.1111342928931025,7.854616286299069,2.4348858813350645
9.968390603966855,10.078194723990862,7.940674520013228,8.94522741696438,3.0321067268632214
8.094618357702345,8.326796639108831,7.077571079128026,8.48331922769952,2.603110768831825
6.496561275887044,6.731729710958094,5.672332952370529,7.601064382513536,3.7387981756805626
6.771776780541285,6.974158924510571,4.94065726701938,6.11420905974384,2.7791848165958317
6.112004782270865,5.679193966192241,5.383190043991361,5.373511765400303,3.667414322996888
6.975274254668525,7.448277975974218,4.179917356923027,1.9473927817101353,3.158754253759917
6.622762499656778,6.664922937556511,6.698844955240468,8.819987217522844,3.223361639129136
6.302497466221876,6.105949328722459,5.209528779862176,8.344104493094822,2.7760494679979306
8.21667885982842,8.200403150928832,6.959826268391046,9.310288789243716,3.157428336233172
7.479641306201751,7.923250227964642,7.008970188989745,7.2024614301650605,3.1094366695061857
7.941847106598223,7.690791593872433,7.378573357770077,9.116906672815663,3.24945793251916
8.720564663013889,8.948778710751684,7.179274593657785,2.2466151280667637,3.9272223986315655
6.401859054775552,6.794415067072304,5.025883402578664,8.455547116454895,3.0298280688359007
9.633765343638235,9.90507090023943,6.94403187922441,1.9523051780364797,2.798373617561074
4.9051134933269935,5.041118916407088,4.002835919131876,7.136253147353506,2.7446654619719943
9.938098434211177,10.055496853446513,8.319349802615488,9.207310349982016,3.453662074869394
8.052537530208136,8.971523208615158,8.27722469328807,6.835560628101495,2.3548846647801884
7.540577841605856,8.7295833056581,7.54493648777754,7.834933918251652,3.0867381412233392
9.301250126532775,10.374849455451274,7.515898133089311,9.876100174752718,3.4025193539540264
10.023531332026849,9.468396624466745,8.698080230897252,8.349907544930012,3.6043063740086723
6.560402462454333,7.01949854480027,7.40574322928502,6.7971755428739815,2.5049448317839946
5.878719344440495,5.770182573944741,5.098316086105804,-7.151898935658402,8.360400936376976
11.469984006483926,11.613192905201826,6.558885083881357,3.1301431241759783,3.5985675240537516
7.5731342619560795,7.610485208988191,6.549748740769307,2.7219625763493775,2.0746335846802
9.043827747849805,8.65202494775871,7.296462212739048,8.911824168024143,2.5548147073459915
6.899288244814825,7.248893444224419,5.523931479280464,7.5981329599137855,2.644449747680384
6.329410989126725,6.333865254509165,6.967380477312237,25.60557686350882,5.201188662620313
7.855762392217255,7.772007229677549,8.017710793993226,8.501851293930907,3.067021541325463
9.654196888353354,9.897535648921632,8.743724821889122,7.7734375623918766,3.1995850256489193
6.605076291763206,6.66397831431941,6.473234665682347,8.760469515757007,3.3729471628096808
9.027206051792561,9.461293001794875,8.218819917007155,-13.183914453377973,-4.46422023028211
8.681882382406828,8.661849597710999,7.137673379292749,6.116184852400501,2.716865940412699
6.270954239362846,6.767509787292578,5.710797078933175,7.135089202088309,3.516119262495808
6.682152899467283,7.035903320530057,6.622186595559855,8.631831078143975,2.6680816424392932
6.98146791681259,7.054829871405609,5.5252531294432865,7.628780664398461,2.6993291539913953
5.806637067461532,5.854094430326125,4.215016369185788,7.673826672798926,2.877734912983887
6.196803503137687,6.955280007298102,7.46901182843126,0.947444031501504,1.722266167722645
6.917313674509142,7.1243658213703025,6.906810718408124,6.93156410945018,2.6811469449647536
7.698470264777604,7.83290780955209,4.894805808881439,8.663839742347347,3.2997523932385664
6.6719045512903215,6.780192469131245,4.750055395428084,8.399791824635649,2.7957438101926444
9.408883463516013,9.342925751397772,8.046744431109818,-2.5614578730856197,1.7242514104389552
10.410717280478792,10.677206462544081,7.758288265877059,6.046293770447544,2.9329416700794555
8.545467342033287,9.01442803134442,8.067222840555768,8.578097752609528,2.814897386467948
7.266407339367093,7.9445748388796975,6.758873205101449,8.169476798814033,2.9176375633543783
11.83160628679178,12.590328295449613,9.389311099723416,9.305565357933531,2.9801737776345885
10.6309451461867,11.092765864782951,9.806873394803839,8.457697641071707,8.241179758469915
9.55980283247474,9.33702722134186,6.628473846065257,8.56106657508558,2.717884153258462
8.465031474696449,8.231090618005625,4.114593266488247,22.032136281139504,0.585788056554188
6.874642394560725,6.788262578150297,6.4313784704350025,7.454946658586238,3.032617167525027
7.565091532239473,7.496210000609841,5.625686639441298,0.33693166868157665,3.129384278391095
9.46539814959133,10.067009877951682,7.659386282436876,-10.75355680852232,3.4333661556565493
7.843011942170172,8.17607116319818,6.440293341996364,8.940194494498163,3.4535111834130587
7.235538783459848,7.553950864608215,6.392426089691275,7.059735818603329,3.541412235670486
5.13581359096767,5.2083263781469045,4.35641799857447,7.613067933875352,2.8411088259206636
4.597520775150438,4.574319489517293,3.285959753877714,7.123852124468801,3.242662654934727
6.254392204578471,6.417307258469066,5.677104857199279,6.932211199608224,3.4982633343979224
7.267982412063768,7.331165493727089,5.6280788567968285,3.13028412206152,2.559287253641828
10.45375668942386,10.128246183139979,8.169483360582174,7.911403297673753,2.2077872706141126
5.113711175224266,4.525851593970866,4.769842309223796,-9.061296577088548,-1.5255272412749497
9.629871433469493,9.882076362693411,8.144762872649375,8.426794453258477,3.0413779992205923
7.139409450819124,7.873801461504571,6.919867220985199,8.997902219360029,3.003740578882812
7.15777731981318,7.414596835645753,6.146943299772874,-7.344055954144228,1.4209974051232328
7.028727076370452,6.952083700667089,6.881340984450156,9.776977191811582,6.5129436901266455
5.558626638791278,5.643094800504868,4.771625971421475,7.254821573011089,2.830223603338182
7.019574746424005,7.3168658643083955,6.0547546390852185,7.271649208094744,2.7941226779309623
7.000296120521598,8.469288732806685,5.736104693406735,3.3537582181865186,1.9119224572547058
10.470432139948016,10.602377303788899,8.921120838612287,9.631894746023717,3.192837088620056
7.5925257218424065,7.912965069387863,6.332736007148405,7.429110507391185,2.7596035962737986
5.429689088487015,5.65600289367017,4.252594998124891,8.000291061020246,3.8295855183495373
7.8464887811600885,8.492148351208751,5.802831005985608,5.907434935730896,2.6518298767316586
4.995862303970519,4.733330140247059,5.56170353635547,9.457184402027513,2.977715885610399
7.562016784999812,7.945350856268565,6.8578101744379865,7.755356004523724,3.6571815842925757
6.039372091635487,6.067157388780341,5.527399838566628,7.546833196574466,2.6849961657407473
8.85022701418148,8.527679685890519,7.329971065750257,9.790919554282826,6.076602933094755
10.569291203448604,10.251020105528227,9.544355110376989,1.3629857214929832,3.718255611606864
8.190498588597183,8.249845116824893,6.412193723512498,6.568088440957554,3.1058269212991614
9.62765516130454,10.175582437023944,8.1556696909742,8.512693983734644,3.3296039195312694
9.008887187636056,9.1023572362625,7.676526361938192,8.240136927824969,3.3361686132935615
10.75285526717646,11.341685320429344,9.72113539303559,2.566493316273988,3.7221913859222453
8.868210064305739,8.77752394941731,6.939283532001834,5.432306973938399,3.6884501578726288
8.379445100132973,8.213780830957468,6.638024628164474,8.065033188828885,3.380084087661758
7.54206245266426,7.017178157527159,7.602359557424152,8.233001247946593,3.2490897934150524
5.945970336109722,6.024992878226477,4.4718942660466094,8.01992687398517,3.104066097537139
5.415689119547946,5.669343414750065,5.08899972338691,6.947401234269644,3.4362394756617247
7.571777436891458,7.465650419963579,7.273089573697839,8.748814369881497,3.534928052063916
9.229146966421732,9.308527699132815,9.140370660537911,7.7830626552775914,2.1366810373140304
8.869219484987548,9.136045978075565,7.677502297082313,10.014357075737415,2.9720829284106887
7.1420481977343755,7.117197918924354,4.847721867187809,6.608296898081231,2.5233362701756565
7.747536565658782,7.339992982147828,6.723918702085292,7.4652113378364096,3.0134762290247243
8.485591696257211,8.612803609595836,7.021616949069068,1.8943666815951519,2.061084446343228
9.866359962755741,9.754227882855083,8.581847003838018,7.998293306080635,2.7518328485044083
8.625363229042788,9.339687799178728,7.458134852412302,4.825726989631947,1.9041195810535914
7.8402707536622165,7.792576668039364,6.456488384814378,6.34691806471187,3.4515580476479375
7.272524871083167,7.020806636506462,6.099142750994499,8.032684433492651,3.003338297276578
7.890718186158408,7.5303440643056625,2.6817740691127017,-1.8216344026713003,1.8992167749883089
8.302404266020613,8.174695838012063,6.478037117028891,9.562022325777491,2.384820197673702
7.159772515115628,7.108751390176284,6.2354357719755,3.326955039533078,2.0554752139181254
8.668419981794365,9.23773758928383,8.224129666070171,8.225168522376057,3.2585940611818622
7.918529141261949,8.067573046703554,7.183793462543378,7.919005072355035,3.8435291903993685
9.050762518371954,9.309029314111935,8.311350004425929,-2.7372584093188546,1.3805505563242937
7.923190520506232,8.370868836059186,6.42258127384619,7.303378929956741,3.376532153524326
6.156315813203366,5.711238944042407,4.56857982349099,1.9913095528925298,2.26000308679136
10.164432768622989,10.39438425196633,8.173316462124395,8.232548402523733,3.114848322555641
8.88649730904179,9.100346777644281,7.568790135693628,6.461236286225787,2.675791524185394
8.889743979803804,9.21708267595375,7.565405958214759,9.30607565960171,3.457817185035536
6.172679910258854,6.33006810382639,5.204636801152922,7.247083950971408,2.648511392869114
5.974480881788276,5.9721495295907445,6.024464712433244,7.724763045364153,2.678478539248868
6.219405850879585,6.134315830319791,6.255199729953196,-9.386945555147037,-1.1642877422960483
8.051275184641659,8.349313443922291,6.863428114538184,8.442305037331515,2.1758566249665794
4.425237261529857,3.820975399443627,4.259425648502685,2.954703011684629,2.89231885437177
9.773254297918758,9.56854891260376,7.473061767329704,-21.274350666940926,8.630377091334672
7.542506361039641,7.653090295648891,6.244130058553085,10.520502975262694,4.055922858917604
7.445057355463179,7.562633360467798,5.564999844564774,2.6947425943105365,4.71114027859266
6.9546626277594275,7.207241370470539,5.088603712825169,25.25739310787608,1.4044823243731326
6.872378411489009,6.784380822377883,6.041633889711125,10.544619595718,3.278299597072794
6.630979280290902,6.830149471590866,5.3100773437161495,7.797140560506882,2.7534355067029233
8.648930216275705,8.633900980329727,6.888353072495146,5.832628999949424,2.733942409186059
7.89134101323133,7.937795482220039,6.873235844329916,8.249550584240621,2.4706569317627993
6.932609970585561,7.455230982273795,5.497499037085493,12.626190502817234,1.9807304430121662
5.559610995966184,5.6534097032827955,4.954640943492463,7.394515436441953,3.073263380426385
7.089289326820058,7.8878551116944084,5.485654745272273,8.249363523026418,3.0677299438442747
6.370207410613544,6.510920506469661,4.9857957379751685,5.489535401188465,2.891241151628379
5.31788276045407,5.2541019775200075,3.7178574576107994,-3.632002711104933,3.4118237854200144
6.8188596982595495,6.815707250654444,6.357033922476004,1.2208126735610882,2.790215164231496
10.160046759981206,9.976611610494851,8.69574897866677,8.548401163434017,3.138790613021632
7.086666252624912,5.649792975341628,6.279874388843194,3.967499050694623,2.353931265697237
7.356499601362497,7.302615810597116,6.305810682029091,-1.3786582493796353,1.8888066317237855
6.54713652406734,5.800421586212557,5.085823319314176,7.78063576771641,2.755195253619406
6.157925285647236,6.622662051551401,6.312691056920866,-2.9832688523938256,1.8194791534885506
9.452546474273582,8.99394152009771,7.3696315141619,4.460960827436298,3.833063067417316
10.474230443055681,10.2424775351538,8.111252861459963,9.448266019258144,3.5757973830045815
3.491047958636703,3.168400513428511,4.845239582488021,7.673912257319484,2.959218232951769
8.154730120446594,8.226979452101478,6.392123845483808,8.10973197658383,2.916103777962502
5.65450921817048,5.367708471625351,3.099137638658645,1.175416405704519,-1.049088901156508
7.65540860557752,8.20267169941825,8.280748412722588,0.569621207341334,2.0036018626785137
10.957798554359453,11.475877479575447,9.514470597148529,8.741566611629473,2.92330568722089
10.983342741620024,11.4203574527036,9.644130860200018,2.6286682672630786,4.3580661013397615
7.737261936554849,7.833165768794579,5.220804131780981,6.4435176247279315,2.0407548249722933
6.300822465859746,6.848289881029054,5.155692969892572,7.808486213497023,3.1185684673137857
8.182496428769252,8.997768778281097,6.947599663056115,5.89796783064474,3.2808998407954157
7.174945577610629,7.272230943477894,5.8412670352585785,6.875431695420671,2.97550256783113
9.482557560769138,9.47810158402042,8.210767147318785,8.316526235955653,3.9259527076433014
3.941201781923559,3.8386411385427146,2.9803098397308005,8.73301202521312,3.658480634414108
8.655359791410344,8.617288999977681,8.517925954079402,6.587303380186858,3.35481581232483
7.212369076193012,7.964800232502088,6.760170769280924,6.264332716063837,2.7106753905431358
9.65980187974407,9.969559285517942,8.337913960653236,8.8198327809389,3.467337579049503
8.531709114528757,8.876339370218783,8.67121198986161,9.097658737652175,2.9366187780490547
7.148433633277389,7.377019567657776,6.446232012237754,8.123623915478182,3.0288339557332145
10.418151487375649,10.844592790527543,8.707761302525793,7.899248238507602,3.060656821355348
4.881527348274992,4.507430498694696,4.562740993040381,-4.759352260201533,1.4844373266470328
7.873884221362193,7.65781287839989,7.102927329023251,6.992754650903809,3.024213642567031
5.16002076590793,5.104180367695575,4.474241604612765,8.618164761866066,3.1196822495590113
6.727171351736793,7.094784453342253,5.987345712579667,6.450762028487523,2.6870921456708747
8.034625732958101,8.311036931541773,7.06477490861335,8.94407686157426,2.883200958151431
8.05386175812788,8.186393353708276,6.6260105200946,8.13293935890201,2.914967971298941
7.940119696287648,8.466634999029528,6.604450611521085,3.754130219636677,2.40369671571581
7.3886174513381455,7.222759315424807,6.343561082548577,-9.111040897404923,0.7616465388059566
7.1361927854683245,7.279499193048146,6.607820418089901,4.862956778844395,3.1110993126500404
9.41474483777022,9.177727551844242,9.466750703510382,3.938609764196038,2.5275030651951513
6.980651133463088,6.867494422933121,7.138749008128198,-1.0366397407452,2.1596475702308107
5.517488669674483,5.760576817174745,4.564576425475943,6.859492963779145,2.7448225739258953
8.91180402301444,9.409202573189376,8.330580773502165,3.0685784020207008,3.140392863424994
8.690176799773527,9.165769486135787,7.360059806722586,7.302755572003013,2.9934748846116466
7.6430367807973045,7.678382608094692,7.2270450430165445,6.7901583605546945,3.0990361557466475
5.72505150678773,5.916830120207249,5.3874333302319295,-1.1579039233750175,4.334066231574498
8.976310302738472,8.95584400970931,7.349718535742566,9.399013225044174,3.3976258255241563
3.3515765164162308,3.0820091566629917,3.2933663393092982,0.8389744919462347,1.731729712392574
6.273286219830284,6.267065358341979,5.40869119481831,6.2800619271858675,3.736420654185632
6.480256970250792,6.782261328013043,5.263859015506155,-0.11746841155771293,1.5083767804451953
9.36124843465712,9.403290843968442,8.13370719318199,9.801983944241886,3.73208381084913
7.250087491133819,7.6448554729609715,6.493255842787144,4.100265345894856,3.9815530660811733
8.420265808414676,8.825826132746176,7.367684743817422,7.72463760802046,3.2940074138106135
8.988839174532387,8.987054064016164,7.985919956398421,1.9427695371681974,4.138976975593851
7.252509496761013,7.130062082004474,6.04625955115363,7.128731642008883,2.839512575636517
7.996448653423613,8.14359585009355,7.335015648097648,8.256122198461789,3.7643027550297745
10.590622288300285,10.825415914283242,9.977215954660652,8.361846787509743,3.005727744139768
6.621444947997407,6.630777668603227,5.593813644147732,-2.964556154474871,5.791998206361526
9.10212768260028,9.301446946606493,7.473651361990313,7.81725194738436,3.1215008226394887
7.106881226970044,7.205212737390351,7.335748933857386,4.459268945799966,1.885591759510082
7.9116832644595725,8.040022758495585,5.400997546958754,8.129713137192093,2.7831233341527457
5.630659404408814,5.53096355743132,4.479422015419365,7.824438989394946,3.1368146136474655
8.915675826707263,9.137149236444078,7.4425926064786045,7.987933367641691,3.0074376367700815
6.750566227079879,6.73015417016949,5.573967972491156,8.369486495235034,-2.435081757469479
7.719592053316989,8.13372891189491,6.865967860923716,8.359142034469494,3.1121705998388207
11.751956289056755,12.10688782588382,8.75113683845274,4.1896404442064155,1.959641782994892
6.1428107194117665,6.3231616676926325,6.663033161025715,10.322614064303377,2.3199557228896035
5.597092622990761,5.651472268038448,4.364067795113023,7.46849922142763,2.9370380977283617
8.135229554702768,8.147853382985815,6.75054293438472,6.096522728211628,4.221518126901319
12.799294916487128,14.206724725577384,10.85570125057772,10.169680664258422,3.3247044597213016
5.661574465726568,5.614484569170125,3.821119196782299,6.9060380450051895,3.5600159830534603
6.1381918646320095,6.192333805729928,4.823977128010367,6.596351786471256,2.893685550065706
9.155281318331749,9.581757948605732,7.56992549411161,8.470071139787906,3.1444681437889628
4.905691221039563,4.469492110421874,4.120604478924471,6.793781603747837,2.6686472808717197
6.962655435029962,7.144181182819337,5.3565440134875235,7.037088126811346,2.92332622326946
6.777899064045121,7.069795029035864,5.425207657411119,4.082254009658372,3.6136333878085147
8.432605585537274,8.616785788945647,7.6995662935935,-17.942267133209246,2.5875968878548767
6.46694903883588,6.655160616898968,4.681188242709498,9.23518330318636,3.3981685025265502
8.83604797924081,8.877375020179302,8.609298188507058,5.072095221118573,3.185445721496534
8.116665790432112,8.97513694821527,6.625650945266954,3.8890105486504067,2.8387515829288144
8.530830276788638,8.872722698946236,7.342591022010972,7.974378340577886,3.273621550658608
9.345747154104522,9.53560481594656,8.754102369126334,9.697184304613167,3.6592033839214464
10.248354998944677,10.008032297065299,8.543831840259767,6.95840784883777,4.269615853530004
6.638877529544478,6.742237285286927,7.348385829862837,2.11665295041505,3.421922955686011
5.513327131777397,5.5446380684054555,4.694933571181408,-7.671759668213777,2.84182404663984
5.34924329404971,5.781908904375612,4.020711774652343,6.541320739840643,2.6296997644199367
9.669481585778875,9.526592025314528,8.523198553674268,9.802524997318997,3.2685434734059746
8.54362416783337,8.484541908101697,7.8151556796201,8.516225530295682,3.2832784948253755
6.894227810249632,6.9168282932546035,6.937579834946544,8.523286088083832,2.971346897444163
5.48631373432138,5.461249215738658,4.769612217102767,5.6373040993489365,3.935907371186633
6.731983498733733,6.842866660594604,6.471206747589321,8.376596737061229,3.065180483371639
6.610275047886507,6.628854798986119,7.276880227650286,8.187127305780589,3.1024472957772096
7.995678201103907,8.001645620092102,5.233672014259827,8.759262698790621,3.352348907874542
6.738599099541521,7.0672737627984255,5.487666761553077,7.975332105464606,3.462505459608087
6.673816991190867,6.855899659040513,5.555824460490455,0.6486579397964709,3.258637571921452
6.268895303153487,6.631513456081365,6.7179086347638455,6.070532360683508,2.7503765966209466
3.3793515889672228,3.372791770089162,6.205706528097228,7.469882750428788,2.7686524522280966
7.3854027831725,6.954783314139815,6.9526936382572915,-3.1182082078489612,1.624642412819709
4.657105760124102,4.79247410805165,4.049277550513237,6.025903349399801,2.228633534410502
5.276750054254789,5.243534836903585,5.8787345202921175,4.611379377261723,2.4684812845530555
5.901352483828278,6.263918654430321,6.0163254620154465,7.160719233255898,2.094560960278486
8.311587725564362,8.410701566318247,7.69606920913748,6.715438341694998,3.08701297453182
5.010350426269227,5.164636367494446,4.544394860012786,6.933546095666208,5.861692956858759
7.712717809629554,7.588903236580574,7.118545447150952,6.12676455931598,3.8238289563091263
8.835394636305471,9.255109245015154,7.141371411316355,5.397579605930064,2.992362266817021
9.863641863572727,10.913862182969016,7.076033042326707,8.885841155516045,2.1167930921939586
7.50757512510503,7.478745078112115,6.629443284906822,8.221559311053543,3.236544162184992
9.4991651789061,9.213933047628068,8.173149305395818,9.47690122708292,3.54767457705133
7.972595646544509,8.460472713777762,6.316754540156916,-0.8109581170678837,2.6962401245240546
7.838453162387536,7.718346121276744,6.262117152812569,-1.8927108544542808,6.14124823605992
9.375961324128887,9.365866101297119,7.733211117642648,-3.9049739939912804,5.592753057815152
4.949069526922422,4.898098973333601,5.553744657212164,-1.8424550455161315,3.6223530948106752
8.45203943613644,8.939550111026552,7.393204240970719,8.953916860454754,2.805001971467745
9.918635521823624,9.947938278910955,8.172250965194392,7.765628026208692,3.2054906065212383
4.814106110901609,4.967065048946956,4.909074005076829,-13.332567188093998,-0.7422125380447917
8.303844166444547,8.597555572181365,7.449973198546662,7.986768831144125,3.072284246695072
7.459775298429758,8.010107262979115,6.521917071704227,2.2292927748120093,2.713817479749606
7.907654316305477,8.558907927836643,6.338738802277998,8.353363384475404,3.212670575244654
5.598466414287057,5.80914268450469,4.376122675759717,8.985987874763698,3.595822495933117
7.169149917737537,7.468226260665034,6.53836380817139,7.752746192535222,3.262217266590253
7.003361168759046,7.210614190274413,6.523217120117273,6.758753195220292,2.9162659634481027
7.7411110499302405,8.310318515421,6.828269226596227,9.090906042958297,2.727824930220331
8.49037347921095,8.887413457258267,8.217609365625316,9.023528855536632,3.702308093088231
8.657161734013068,9.255586060468099,7.692198884125775,9.73114652034741,3.347796956008534
6.808921652946008,6.694194020575382,5.580363902936558,-2.1283930317328688,3.4510821603690394
5.505765917574768,5.45584001953022,5.864964663667562,6.043474367513501,3.7993840583430747
7.796796718617437,8.069624770462564,6.429092641780194,7.377599800248825,2.150858856871055
8.111900192782073,8.61631238110211,7.2212720657712115,-3.8398142552679824,1.6725214548598393
7.541912375134396,7.346446373484005,6.538868342662444,5.46851285521749,3.3000447942626505
6.322989351426417,6.090842504120573,5.145697307550835,8.55323581270309,3.206656322693897
9.265264465581154,9.695188981813732,8.386994529035121,8.886627613818863,3.920550565448992
7.223105938152078,7.536196604524134,0.9364900210154922,3.031666066544428,4.006074130853781
6.561146971792354,6.282170387784281,5.565325690665721,7.37661174123941,2.892987911773637
5.67166707224426,5.423225285127329,4.83952124008751,7.21757375641775,3.2264156098378463
8.586989914003453,9.79517421780588,7.39604611790515,11.169683552905482,2.338957964077113
9.50332211532083,8.730066935945148,9.530617183900635,9.090541087096934,3.571124146665677
9.474510537380738,8.831755166289897,8.02704760789472,8.957751459534137,3.1751513010412364
6.9386396952258,6.726935698275577,5.891064159088411,5.596551364990475,3.4006125580704474
8.107024780794635,7.591915538420071,5.591658833357835,-4.247614029251795,3.0566111443661783
7.230282851418803,7.4573985903536855,6.997565058087017,6.974091299962681,3.1980986622219634
7.762732174275962,6.00495470476576,7.437893308603279,4.947524330218504,2.546715797052769
8.327730309962476,8.556866984004335,7.222600778452208,21.54908879866188,3.967085146350881
8.987809667200978,9.541268563938457,7.724799285213483,9.261648834946598,2.797169877200325
7.250055426948056,7.124882919364774,5.670839318353706,8.680772330536978,3.5918834280992495
7.028844561699525,6.819796405568884,7.701174116964604,-13.830835869009704,0.42103426421267853
8.67317893645381,8.715212155995085,7.779452911726596,8.616974153630938,3.0045649339457157
7.014617644455359,7.157404932105095,6.209071985771114,5.718094676728549,3.0056998275233586
7.177415294064527,6.646735027705418,5.80006057280803,2.9961487819399197,2.2301232346898363
8.014072582111211,8.229380823585245,7.537216168968075,7.518409441169596,1.9247090591928473
8.331346460573371,8.536184443440623,7.597282455880406,8.003351018964933,2.875372527227398
9.685883156270034,9.728157595028716,8.806025320165814,8.07188900011371,3.0247185629514943
7.988204634962844,8.309336225090671,6.703433776473047,8.991657337973617,3.59774897189986
10.069705753233212,10.385883387223398,8.39361579654471,2.8749800209398777,3.825251267369288
8.069993583542079,8.32052240601215,7.9076647092281025,-9.69635466660842,0.4684867442921148
5.906123497175171,5.801411693985386,4.58002020289985,-4.622296945615844,-1.9556627015935273
6.665575415120619,7.359046140433518,4.581102507422964,18.444842655782328,-6.15941931699724
6.80522254265397,7.277622043466036,3.690213908808579,6.670595444771864,2.883992570054132
8.240072100793459,8.299455981825949,6.608697348461559,8.479458010623077,3.195192239061573
9.808574517126782,10.004514636158568,8.77891438430748,4.482848112046623,2.1196801700848313
8.427754027423246,7.5154056167993435,7.554465657529801,8.570668150875107,3.285193874825664
7.997878994298279,8.188367923357532,5.999674011378016,9.79417180173432,3.338486612256796
6.789663529336302,7.2730226296009395,7.488551207037814,8.993647815443817,3.0833177268106153
6.653577976585643,6.388271129881561,5.098439256506674,-10.863539796610741,2.2706694262836664
8.039474970166358,8.538302220410616,7.959317078381886,2.924509582397945,3.550980942132033
12.3436959363179,12.444835308375769,10.938820802560173,7.7354764732625805,3.1891755710462473
8.548728233056819,8.78737847525105,7.420619577135878,9.674303315560715,3.3535688168412934
7.329976769824803,7.455202168894509,5.431788312923838,6.354635318354548,3.502901137536597
10.529940672826974,10.600010049414525,9.048188553580781,10.457930874639066,3.338924053283124
9.729954811225515,10.1573016036831,8.128385372002237,7.220351788697743,3.0710753507545334
8.481159820674897,8.442724708262851,7.2933550479625415,5.535147889157014,3.7031927596340664
9.349937371877733,9.281327892231324,9.048799687012487,16.517569442119097,6.116187599528629
8.868381857393226,8.947143643099079,7.8884787964507606,7.229043725369997,2.761032357579255
8.404141828888951,8.759698259019657,7.763517477922051,8.010459974833513,3.16602875864206
3.771382695213376,3.682473619606597,4.095987452346298,7.632178712603585,2.8760052687038713
6.102518005856068,5.339604946294172,5.598417253427931,9.174925939686776,1.9000301589184072
7.169946215615196,7.3499468216779835,6.225622673804154,7.871395497101369,3.7130579436015525
7.803667542617026,7.931963268060766,7.149521308489203,8.21604039429684,3.2787710898488123
8.2000837392558,8.674060536979113,6.0516825415838875,8.329542291300923,2.1649968806498823
5.092931640746899,5.1222299629318435,3.9588197212245,0.1482507774639985,2.0253793892929615
8.310130817263335,8.154723836473126,4.218329577492607,8.072530346421285,3.160679545092929
8.878830172393105,8.932322448497706,7.521990934115114,3.180173871964327,2.7748601760872145
8.014412442785948,8.190245016834929,5.989862941468686,8.064165495422143,2.675665086705921
6.747757792721689,6.866339037515468,4.323860844036627,7.3675865169711034,3.3993526023156257
8.433599510339917,8.759047025529355,6.757172609921954,8.429305168133002,3.7817059894142018
6.0011647269085975,5.662020882636227,7.188638770343789,6.935534692116608,2.853759236858374
8.70202733540739,9.796705755380628,7.937887839210837,8.530122401949539,3.257461795432821
8.28173223971483,8.794000004867328,8.601950682645674,2.0304863889318923,0.3273728092713484
7.578987864051847,7.292807258088769,5.410732034242835,-1.7366640414867982,1.7633430173987974
5.430746420654961,5.105294132781712,4.309926276277339,7.488217439087272,2.74912028090164
10.690977693464557,10.744593012075914,9.41357139395389,7.990876609029577,3.5360952603619964
10.3318041035963,10.660755116331753,8.68885191256902,-1.5961317792652903,4.528653606390549
10.287160829795093,10.728246437180587,8.657237775400482,9.324352320224927,2.8288800274110155
10.771744295451194,10.841531593876581,8.395058849281465,-0.2621313044278546,1.4419864131173374
6.939634166683453,6.9942382567953,7.026856735949322,-6.373765118074421,-6.869845186782415
8.456792870132062,8.060738272067244,7.473279077230808,8.107853140182586,2.8275842290333393
8.021551972799724,8.339397425921456,5.431311160639334,9.385689350573895,2.9375542870593376
7.2766638620998805,7.5253902284525624,6.36646192147985,9.612434253819222,3.5114808060432523
8.288509400727246,7.958728071963088,7.530533757511504,3.342872502862553,1.6821462051363516
10.52327989065318,10.648336204936744,7.715116531317704,-1.1444390183980495,1.6171975010660538
7.959801982360448,8.838366831084253,5.3274065053253015,7.748352422223277,1.85031161421171
10.074509761773713,10.5584041782401,8.604864806335469,8.584038856409135,2.7918255538607184
6.50357210219649,6.085873771105504,5.185800634185328,6.917957882360136,3.173196846119983
8.65352598416967,8.786501663627096,7.205566536510344,7.973607971629307,3.204402295915919
8.517058063100903,8.87656898081504,5.629032909047626,8.651791247894852,2.7762167966375797
6.78440185571748,6.76816049460202,5.639326946683249,9.801144792961,3.659221871165437
11.134502519853065,11.625670702188422,9.567462393729473,6.582257943153639,3.05348554603205
5.5021177569365385,5.564855337983033,4.811612590652859,7.657565508666307,0.7785727039228862
5.994330124740584,6.132362563605736,6.719944218182405,-4.389123192920634,1.60566157552127
8.967699740260596,9.530242638819626,7.294439633276577,8.43184506664996,3.434438514828844
5.722066756758615,5.7219760058255575,5.447271209700633,8.66564340791437,3.091718306445783
8.303724797855564,8.473185614730836,7.970972943121459,8.966713764839941,2.9032987502901486
9.730154105704617,10.07074727564008,3.2667649407082084,-10.567209610139521,-2.8466642771367745
7.585128883586531,7.847882743941417,6.467223498834485,-4.356757326548661,3.4801169669883887
8.06825018984985,7.613896244119806,7.946871335614519,8.333292212629663,3.0912917690542683
7.455181373243471,7.716636747520945,6.312385866643207,8.659939225433174,3.212825682026823
7.733676866541597,8.022567051645911,7.143531115298556,1.2868728924080761,3.727216901221883
7.043612890063246,7.180304713467165,6.127695149960651,8.568210955003519,2.8346073850537934
5.77375210610011,5.827470593729733,4.703106891869807,-0.6652630250700122,4.6699499000929965
8.562667260739909,8.744930154614716,7.689540508656263,8.42788997940402,3.8826751199625122
7.6141940668860855,8.37699165569915,6.703555921070755,7.530338044124461,2.766075999125369
8.626807501132362,8.764029386593453,7.838771212872361,-4.571851619997803,2.0996040507678666
4.574735440263359,4.737058758323363,4.620467975980721,7.788941386521127,3.281883730797242
6.261406587328666,6.554891421800795,5.040080263789468,5.809309893365537,2.800613132654191
7.450166035511448,7.737670447410318,2.676366390899851,5.234664585186486,2.7713833151508336
10.235127213362265,11.620732590278173,8.163865707666144,10.386037618095465,3.7843330639991413
6.479370635025493,7.122965428759361,4.836734151813767,6.700603506471118,2.9586436872059827
6.205531732324843,4.9303830127749055,2.2934111137732685,6.2313799411507915,3.6186413898026917
8.986087177226723,8.950232223422848,7.191991454475017,7.718624839956576,3.1826844563773307
8.135427037887716,7.9904960862161,7.885020633136719,22.38718153204884,3.027100261510702
7.414583247343144,7.55318892343201,6.372922327104447,6.877209532873048,3.2941232024687954
7.5737666738972065,8.01440585656309,7.136902827937192,7.939866467118781,2.8808149891892723
8.25853138969449,8.609321129233873,6.167852107160568,9.00120628951355,2.8921017842629144
4.440121399720611,3.8529023831762963,5.021869550274834,5.5171858558346205,3.718058427855328
10.090907711025599,10.232461122608512,8.524996626377442,9.462770027364227,3.551917892799084
8.190066641443034,8.464317765305985,6.978803459429594,8.16635552021262,3.406047017390522
9.827935057843558,8.719351476107413,5.865559155281959,-1.2316360360868623,5.6582567943957836
10.420529538373746,10.161869788171641,7.61618108077,9.0308203008952,2.6338819959853055
8.562440319633208,8.727872829539894,5.888979089888005,-7.939368363676954,1.5835156486915964
4.52515709282362,4.6311061124423585,2.9729119397247787,5.862558159676216,2.9284366153018233
10.833661773800852,10.620277427411963,8.840284679381186,9.034655994171406,2.972332926779813
4.0724325911458585,3.724466381501062,4.516480303525963,6.725311586019727,2.868595012093015
7.143513048359001,8.628167279588801,7.073591613175525,8.603700832501756,2.5759697320462145
9.324271265271399,9.547343259589681,7.603103049146221,-0.2873020419743446,2.858273909439336
7.785344053625332,8.084715884851525,6.505437315912103,6.664371423300294,2.925913838639045
9.672476251575796,10.369072576552993,7.836507290750296,8.39333942115357,3.297400392970295
9.826704521675591,9.9830223779748,6.068571962933473,8.052838200666061,3.0631721727233066
4.990814089924254,5.211309411472293,5.324403510469344,3.3339284174396617,4.528444390907978
7.229815289332317,6.33460032687843,5.4078267788158945,6.570041714964512,3.082615082511964
7.960983454564359,7.773366837394643,7.6516995505623315,-0.5367498986690784,1.8774403930248331
11.102642275859623,11.487190895490851,10.026059272163282,0.373637546419336,2.0186768047539854
9.426247181123415,9.920132979016522,7.75504281308072,10.075201196677186,3.851344851460019
4.730354240546658,4.527742435818373,3.383300015986995,6.900448035101935,2.9694606397589105
5.090211271212375,5.143759921559576,5.562356595641367,-1.8003102586768982,3.808620720382437
8.46884442728442,9.477388593282853,4.498307111933648,-0.4178113336500608,4.895919281457152
6.136281902219028,6.259955046141245,4.441298794775671,6.834219517615427,2.558819907582905
9.897099578608831,10.142289543405433,8.821149397393041,8.457557730233223,3.269472195378502
8.520883143558022,8.22878636381996,8.5026692668226,6.5676520122170094,3.1810175055291476
7.4174092339962625,7.557592535991676,7.308640096374712,2.739440472275171,2.206963114244048
6.110116015139068,5.454194238958032,5.35586689975446,6.609466904436519,3.0100775734611105
6.277595388821677,6.540448361651544,5.158154331578326,6.911893202704778,2.647943349887525
5.6103436563845115,6.264765862164381,4.147616538201309,7.716699779383493,3.304809807391897
9.789169456868734,10.143509569740745,9.332209370254754,9.441563677248478,3.441865501491935
7.089762317313613,7.562501539883733,5.61219537891112,7.821824803269236,3.3309761325139977
10.186789631897918,10.639164748037942,8.277297962260372,-3.3095473913061273,4.007526244695011
7.483456435024738,7.662607059116526,6.146218550103559,7.854157609445312,3.107783326655463
7.064566411170473,6.695999312990597,5.848029158803057,-1.1140094477806013,5.024589526842566
8.15097949906712,8.244581387534724,8.149648207801237,8.503668172892635,3.098343745572042
8.90292923637143,9.061291157915203,7.440498064555207,12.36201532233132,0.6735787361446187
7.415033199227823,8.267419090028294,7.33569408746805,6.167810589864798,2.608449601643978
4.279552607080248,4.498607281958787,2.9942292813077724,7.283263812100838,2.7520610656223736
9.366998164190317,9.845031778755002,7.442056584808014,6.7627623402784405,2.8502082535822426
6.950775199320715,6.541177746696823,4.699880311826201,-1.859819285514432,4.144471464231218
7.4540928077295625,7.485125071202121,6.153986276167089,3.8101204786709775,2.937593664389805
4.576062775603351,4.702285284742945,4.866695767119471,9.514873293970137,3.172292419937061
6.236837232756741,6.251879998276673,4.226619513614344,5.152287085452478,9.277590254630502
9.710444684750136,9.926927633363968,7.423983570092178,10.301895970352506,3.266387773898116
8.08592931314092,8.34501182874261,3.737615864953586,8.991139748294831,3.5278176800410783
9.547925243286834,9.89344740500042,5.813191201223842,7.401237478592009,3.1249105041405536
6.809074920528415,6.860906140455089,6.0462692579811534,7.095230685668714,3.103500376205064
10.183028576182876,10.668644503410972,8.265643273512888,1.154839809280733,1.192246446507716
4.755399091462714,4.598332482477803,4.985433232282517,7.4429645836481635,2.7814342682154773
10.073585181516924,8.963412398773158,7.406715029871899,2.2093183844184754,8.349527791316238
9.244755134163329,9.079153929780876,7.3942080306309235,8.768986065426638,3.243947457880335
8.381501239203606,7.8600216998110275,7.617518185337597,6.0456729780764995,3.9448765312026888
6.078301447506602,6.268478920885414,5.437692573860384,4.394435131135296,0.23621520256921547
8.322112964976181,8.49743354824744,6.598454306577946,9.131063980428195,3.0340880532102354
5.625781651940253,5.5717153070795105,5.787556329559551,8.650332533992742,3.5721453532584446
9.16318590806989,9.30521744093867,7.983284630465688,10.39014507309355,3.4400209498444005
8.263734415376543,7.744540269740699,6.906244220903113,-4.505740790360677,-1.335087061096077
7.293189944267312,7.6685185054033,6.545312786039791,7.2570651729315285,2.9321155691878826
8.411908169956698,8.137872999027273,6.556285277786491,2.077476911522669,1.1279952363978876
4.665021743258326,3.7031589631436357,2.8170421927307343,6.771559025334668,2.8973752046581893
7.577072841509624,7.61291660162693,5.453631121734118,2.74982908450057,2.645058926234447
11.029842939365228,11.024623806421632,9.469498106610688,6.879257656790722,3.3929019606922086
6.999764033849148,6.9702010560935,6.983943171497355,6.17887836669371,4.125609940786534
7.931429848405681,8.151269868289987,7.596497210844922,8.547385334445913,3.4163943120199898
3.700212470240796,3.8413375656393223,4.8407411130050635,7.233770249769239,2.8704800329463867
7.670209786126029,7.6873403680280585,6.549658927226265,7.922253063073036,3.1643192798112314
8.431267996915576,8.75294827462796,6.915037008254088,8.640658365173561,2.6058757830996058
9.324071291484257,10.045415380731383,8.01571354798681,9.685570954563776,2.9835853152180265
7.909804120883372,7.850317573448324,6.845961743920049,9.252771939200786,3.404405384843754
10.29511931616167,10.619553285400205,8.6486061487488,4.684109815489317,2.6657114357841953
10.10883140403951,9.182635405276889,8.886064793876807,8.45550300701466,2.551988229102646
7.649167776514096,7.866704991410612,6.625862652960129,8.83011807755693,2.8489435359809288
7.444357947613494,7.288658622391168,7.697490366297082,5.605558505461188,3.3256182073916727
7.321711912229251,7.440779072561195,6.137624661388896,-5.901243841581115,4.545806282448933
8.429478887704215,7.895261460487731,4.20897025903312,5.681245634905487,3.4397249119660493
4.612939250454088,4.821960171238503,3.2792219575533714,7.043423563715743,2.806215404108458
5.492548003633827,5.554016908407027,4.71142351595316,7.073610929659408,2.7688053290498207
7.551079185177173,7.524799378890558,6.5456559561506555,8.164316075153083,3.1177525844529663
7.74979948388305,7.779748969383302,7.019479544995264,7.378680323264092,2.3746109758501968
5.535402690193843,5.645910435396172,7.397737322246681,2.140868893156553,3.325452046133389
9.795818732530186,9.967647737185695,8.742613137393667,9.002312428298298,3.317388718548691
7.567847373280387,6.9806475851278655,7.366134289848315,6.096628975139568,2.7609032820261286
9.11530928900643,9.017013257973026,7.868755623175547,7.0705608635786,3.1101538074531523
8.07969852950534,10.981382462522024,5.766561079275166,6.81309919080466,2.0711716871387438
9.210262844622779,9.440551471935011,4.759974954953696,-8.01653032200327,0.21108985058366514
6.292430934902807,6.505017431720452,6.268694645248121,1.4946478819803728,3.767964851721897
9.728370662976726,9.133387210172128,7.989745818666054,8.083368152514204,3.206793702659281
6.754700318676452,6.84010935032101,6.547268196197899,7.6987671102744155,2.495193535684766
6.362594068404988,6.3411998841386,5.257456979121393,5.723084895684215,2.9390742024352496
7.001562225672981,7.034077602270436,5.973207964723225,7.5180623582225925,2.868004758967917
4.873611769949049,4.953108227871439,2.1039236074960304,-5.191249611642679,2.281383950281373
7.700707062517082,8.15510336189363,7.600517117019686,3.9985597382526015,5.474078862997844
6.357907353726325,6.408507473295703,5.291452121608173,7.472001861467669,2.8638331433428994
9.070670395171227,9.210525893057273,8.010869117778867,9.625258907567765,3.069084992650235
9.77264000227304,9.73789747718936,7.917513035761263,1.6193758190320449,3.0520521337948283
5.462383543498503,5.663824726238923,5.0443095126947775,5.505912355852306,2.797041490591383
7.89170706804309,8.129678941407594,6.907956373938855,8.876385840555617,2.83210909599143
7.6468093742536905,7.019892009773097,5.170421808847602,9.232399939714973,2.6417588906032057
6.584939974466783,6.095979749916042,6.103981352485,-22.070508406124148,2.898209847597241
7.714696737877706,7.646155342381785,7.162447101131748,8.805110652686666,2.64088016189773
8.985949230699891,11.105896337293364,6.596463178610516,13.504848655693225,3.682682892601393
5.802401285866121,5.199975747357668,5.207839308675332,8.122003330606148,2.693626175159964
6.911329260866356,5.890738365014581,7.2809958562476575,-2.165550878887315,2.3214652700552842
4.864857030845153,4.935670593432206,5.269126219859617,17.479605673639185,3.084362619830509
7.999359120398747,7.776555487570864,5.64524548680473,9.047676338800432,3.532744760185148
6.94830225226414,6.7570205983801195,5.633543938614696,-9.35917026287855,1.4430111272444404
7.619324920838753,6.874156866068308,8.78430872520466,5.347325310129776,4.282325065045445
8.494972695510267,8.2258895895554,7.042701174262388,8.968125471477801,1.788772446278152
8.602515662289322,8.693950300524138,6.8021137139457135,7.225932057481646,1.991616291770976
7.164265946069754,7.2888079532292105,5.483756284200496,8.041688763519645,3.789022056320103
5.482243310513235,5.58943276592173,5.341970571712378,6.46009641001474,2.416697831929706
7.630390605102245,6.967554730107752,6.444028881266686,7.815072352285248,3.593138958549909
9.28551948322317,9.161261626845231,7.720548235845008,7.302789085881677,2.741999207847718
5.690907369351782,5.43301085662185,2.076257730140216,5.56295905223364,2.1531266272426364
7.194682661937798,7.078288832448287,2.54388038011606,-41.429620174672266,1.0566572707069215
6.86152629246401,6.839322699852325,5.846333137948902,8.660018536231778,2.634765976874659
6.6607529855251295,7.171207641511348,5.173999014989704,6.3368939453921636,3.0074202092383233
9.440606431540477,9.919853516486045,8.224377914653015,-8.424411994094669,2.327115994068458
8.954746558598421,9.449219941787792,8.217920301025442,7.301990899114964,3.249031115134065
8.465799695565966,8.45610040892332,8.234843443912773,2.840844281830861,3.375964373748804
7.22993799468091,7.533295737841593,6.478687846809884,-14.88732543687836,1.4953324255200464
6.189945339812484,6.1433884552906335,4.798984978063694,8.788900431648923,2.721347770030021
8.373314148905655,8.397803567485528,7.2162723716163235,8.90069838702442,4.126808403970256
7.914012796338756,7.75887173608645,6.560010004984725,8.052620527169701,3.6096119215215103
6.8368046777526175,6.972373207866273,6.215357451926742,-10.667366759241764,4.483838192864683
5.031669776575815,4.982854098371779,3.4375121249548783,7.131560078497964,2.560557578353622
7.1586995067132,7.425715798926514,5.623090299819653,7.726346522344369,2.88050111832224
5.936195766326824,6.065249793248771,5.493219855101425,7.305952709179282,3.1714152107889255
6.321264191952784,6.38189845902701,4.348930686353966,6.850567429770653,2.9188774199556526
7.2720829083560385,7.388117981831562,6.035623491531797,9.2731289543375,3.5798194093086346
4.351564764428106,4.216977205234825,3.490997884339832,7.672764424936108,3.5107890404563857
6.9976662591093675,7.088608204070413,5.972962898065781,-0.6015320410701399,1.8755008774957325
8.735162365597049,9.62337432210252,8.276081425494104,9.607407206355656,3.106427760002925
6.502439292063464,6.929225545735985,3.984393398249226,-3.6074988619035855,-0.44610912627028054
9.809231900454861,10.430756352681,8.519608828973233,-2.7774068823412064,2.388369264370775
6.091495694396728,6.278180930490271,6.485586701129768,5.807036810320609,3.2611946712844935
8.093489893472881,8.701885603279326,7.006001185060287,7.817165370851358,3.0227920223116973
8.963580949229577,8.51631326254912,7.467724487111228,10.195454530886076,3.8627514527266347
8.431174238769302,8.965660526245312,7.5696103811421676,-5.33076412773076,0.9413566606210779
8.148133689472996,8.323484982601219,6.024821394062187,7.688598381784018,2.8096281318072363
5.102553653232493,4.343874777954873,4.975240206066085,7.98751174305874,2.8035826855502135
7.988791559690609,7.80832778286946,6.600372882798631,5.237728530656096,3.1481455034513326
8.569791908827362,9.102708698995594,7.6020535709894865,4.796987422733103,3.8392460283916563
8.115932235805413,8.292437417892275,6.913514990407889,8.470983326626426,2.875984269182979
7.264244871344987,7.4747277645172225,7.494569428051002,10.066376166459696,3.0178791640531237
7.4887976024834195,7.7819225958143665,6.584668516879516,6.692510935499705,3.231533958657713
11.472660589693316,11.960582609087758,9.910638502568379,8.638909210035184,2.9673153928019325
8.634847780304153,8.168832635883444,8.153721412953953,8.370502792016891,3.2393702598720395
6.4482404360695025,7.077062481876581,6.5396251987431135,13.443573559310133,2.865600032747322
9.939330126731685,9.851353638838997,7.665395090258266,7.978204154880381,2.976634044908481
9.312534561552862,9.725181465999835,7.210517403268899,8.136822785121165,3.880927833702456
6.162009676638533,6.483797984856716,5.305954021209179,8.13437470512779,2.417189995243939
7.934029186278555,8.321602061690328,6.497109363298865,7.458070497983794,2.354133367826148
7.468503692300175,8.062172734644584,6.487687933964735,6.8977293623639975,2.250011288639935
9.473745219320378,9.162109693016943,9.787809213452249,8.681994334219608,3.3828651837851886
6.911286054411674,6.917046844520037,6.519265881298277,5.903727288622621,2.884988144197334
4.909187641685956,4.837576182557491,3.6153282778796885,7.310784426623365,2.815352254159155
6.570738677159812,6.673502856864692,6.2273520010256656,9.5751437067027,3.123428793836152
5.376292083969011,4.22570735805893,3.4534693311803526,5.750246901392191,2.705129186412747
9.32080096507255,9.525944771224195,7.60907431048472,1.6822130034868317,1.2448492879693211
7.907430100313624,7.98989525337301,6.962936125580869,8.493874946926697,3.3327916967119737
9.814008730534265,9.885031922417227,8.203073610168202,9.41185121290345,3.34930442734753
6.945741639842149,7.16953716520716,5.4324783441155695,10.517440972986712,2.2971521102453534
8.033116852518582,8.241374653212464,8.24651037511881,5.6436784360922765,2.234721718926161
6.959548612613855,7.056433592039246,6.484765066579884,7.339695314066757,4.237424544270941
8.984401114813394,9.428776377866718,7.482460857145515,7.890268420360602,3.114705884619631
6.866581894681769,6.988944848367293,5.046133994153691,7.113373012464544,4.170891886523924
6.3701532296170935,6.685770882410505,5.22446259234449,8.26354266885012,2.634475510684036
7.311485802405141,7.407607887294508,4.342498401046337,9.813042123048987,4.037898598548537
8.99178817020865,8.420367608913159,7.127055328260278,6.790377743338304,4.802004007262851
10.121765678616516,10.628287444203732,10.571535790875492,3.536253633171529,1.0829952457300902
7.2649295828554195,6.945118498014947,6.132475109764053,8.122452085368495,3.857526612368047
7.54426840131984,8.550112713527025,7.067276655736153,8.93390344751208,3.3713607465681994
6.264269813774519,6.314169322583598,5.409588984195338,1.8503758688370358,3.4929333578279627
8.225459177157518,8.46098630656993,6.347029542313195,9.218263237825568,2.3178836753335355
6.899616003056218,7.099744980187863,7.112862597574048,-2.0412870697654495,1.9376504944907738
9.208749796580353,9.232259804727587,7.2004265460180665,9.131368470582107,2.844140078846154
6.7713743146064225,6.328188889187595,4.924428034238514,7.52609547667616,2.5211715960857863
8.861472509734144,9.099518509164266,7.019405695435405,8.461934406271322,2.216770267901116
8.737380022280657,8.1716726823564,8.004059805269847,8.81348939312419,3.9853130575298303
8.178888355526597,8.635048690098547,6.925479942369608,10.87348718801932,5.850282325829003
11.338588389400025,11.119217669218859,9.581401490696859,9.037892622309545,3.009926425475195
7.7032790176858255,7.9042022556511995,5.520478923551175,7.298698792942201,2.8752696597016167
9.273508232951482,9.307650848374593,8.13500706584721,2.3293082219633394,2.5889327315895114
8.396486624607801,8.498734156803902,6.867792444527302,9.190440834137961,3.377360675024887
7.416603221581738,7.790364125678664,5.745975454272032,8.725569995514828,2.9783685132448836
7.84364487249136,8.043391609891977,6.509719780333109,8.878122068113006,3.770962099486236
6.733418657344494,7.668219990857121,6.402220064368866,6.869181432143319,2.6508253127962726
7.869047865907032,7.108362644235669,6.05782785645741,2.348049412826203,2.0858883756961824
8.52037380034752,7.664649743116158,6.867214809164362,0.7877478307071701,1.1639866815615734
10.35681964392748,10.67616449291555,8.98889050645543,-8.734762611266898,3.2408792497645456
7.3808731619676,7.531125111982806,6.792380100566541,7.52402380389665,2.4462707196889837
7.640166451087489,7.6568237617620625,5.860289073475748,5.899362250170997,3.0895821890452364
6.149251710979323,6.029792825511736,6.137725854422928,7.870157013005102,2.528185160904897
5.786348377915084,5.928751444858605,5.247342741825605,7.945951947663816,2.9813021345457074
6.912305726264131,6.494038583024818,5.6026273474320325,8.129199350125944,2.3982929024973183
9.959609735944458,10.250850625551836,8.135736221942164,9.25293326676141,2.9022167450439125
8.933102504712197,9.272049722214373,7.653531538976773,1.1857426525201056,3.9391979133528885
7.093323211776808,7.37804224933837,6.431552045148648,7.934800095471143,2.85826685631046
8.149442922279462,8.081672921296235,6.45004249579292,6.501420114011861,2.68076813000857
6.357960409041066,6.418278197663319,4.763331857487954,7.046670438579211,3.464987880697243
6.9455888220684745,7.189648113238818,5.590129715955282,8.801368811443478,3.1434913781384606
6.519241545858432,6.858993898368767,6.698753142026744,6.983880416106137,2.8128899993974437
9.935536733231359,10.395231182674753,8.161068137722243,9.156587035863529,2.992025606105399
9.973794908549404,9.996773851666061,8.310732150186553,7.439676532324235,3.337951877387926
8.496868893995028,9.21304968661825,6.896735959074072,-8.396720738627003,1.1412843079294699
9.423067349332808,9.455117886858373,7.424589902898764,7.4660277304769185,3.044990071571749
9.07338698235454,9.191805159662582,9.02000176941793,7.770962248552092,3.2339490686414094
7.021899955801492,7.2041302926251145,6.989637807398677,5.998340743438416,3.7477989952595214
6.901986805067599,7.354744470953852,6.657892547365615,7.557514313950523,3.2773018976723827
8.40937155602365,8.35940513176258,7.411398977523352,8.85870841913262,3.0733704304246774
6.331674982785704,6.349653503046095,4.989723118319269,5.818126629212745,3.5888289283589847
7.2705696890276545,7.415539966450709,6.635802593960617,6.714051783432131,4.120438866128524
9.421887548448455,9.71640829566113,7.874197137879918,8.832140116224085,2.923108597585001
6.101904861177543,5.7654153787883855,4.833182578976684,7.6352509331959615,3.030011909495126
9.232792570856141,9.411412678207588,7.857074708497005,5.84051085980332,2.8671599841433917
9.507363193405475,9.693736804157364,7.304343508041712,9.345365022115999,3.807372462183746
9.2279351776895,9.260397624414416,6.561044290640598,8.424174153600413,2.6289466929913505
5.771348373769098,6.127027670797448,4.331319456675771,7.473921908347947,2.9182552272320668
5.313125152628162,5.742682543645473,4.840016653294066,6.464997204328528,3.0800289128771055
8.32799588567476,7.449567809743424,7.927164153916567,1.4028074004468454,3.781922372468936
6.973567624706311,6.644193805336959,7.42467903788067,8.034739292687675,2.9044739619440207
5.481097187620821,5.5244567322075735,4.708915582840584,6.023841579429009,2.414666293937548
8.242831359263551,8.254961844539167,7.310572659679664,9.30637621038855,3.019855084286488
8.168973619281402,8.428064029877117,6.915190347497635,4.740108892595363,2.505893404021268
6.193503812511862,6.493653341293939,5.9416614392311144,6.555750458930031,3.046027184796152
8.389970568023193,8.92515032316124,8.229597872202147,7.0627176866676855,3.6798338228008136
10.018000102886521,9.523451702360898,7.881695033096768,7.5661140708378705,3.109008498949187
7.23439833239647,7.100867198545248,6.509249957133207,9.19764778071075,3.203001923825024
5.616949914710162,5.830734089193762,6.277236780379369,1.4038686773492564,0.8875325438906045
6.7932530192006055,6.6730934835784215,6.346742824627081,4.517641435756031,5.394090907426418
7.0487740679671465,7.691480540583845,6.483238762601818,6.809360486195462,3.0278980659698727
6.393193349615242,6.104046803822735,7.306842656029566,8.805287641874237,3.654492660969951
7.992567661375697,8.21200391735702,6.77493609137771,2.7270285723753096,3.746522135710478
7.347390129704999,7.847981519242468,6.524316309406118,3.4428969941783025,3.5318718148536363
9.115211366311394,9.379329980064206,4.834178271839433,2.857052774792473,0.07857884033513976
5.220753934091451,5.277863078058555,4.0481942821030525,7.275742828737363,3.2678137695886362
8.140099442988646,8.52463727040104,7.518338134662962,31.962360923777943,0.8328628286670767
5.4429514736160725,6.030380077187548,4.586247387905713,7.230584944801796,2.6109343156969853
8.437069507989738,8.768279203459628,7.761253407133074,0.1400326090154076,2.7298978103175253
6.1705223372272755,6.107913924778283,6.624388776175531,-1.6172516620079982,1.5387590743470463
8.670869827673348,10.80747504095875,6.368227387719646,7.582474850791751,2.632364346780708
6.366323861021685,6.346696834781771,4.079330449678134,6.0761410370380595,2.3353459138641197
8.705767577058428,9.322882616112086,7.321748529777931,7.877643349495803,2.473292725240307
9.49353591772924,9.678652716371353,7.010843570735109,4.390803274039048,3.553810890548193
7.693587990724881,8.133989148870143,6.378677406826612,6.551048009656871,3.0578983264748194
8.111667817883108,8.642603985649474,6.621154019152453,8.294824542342461,2.5132722917663273
6.053627800698345,6.054647769426244,6.1340535080912675,8.184800805013628,3.2343315315285563
5.0546876202099895,5.156273698706931,4.106938486660991,8.478062689063302,2.894802510066227
5.67769853613615,5.123398267531832,4.67635376612555,7.876272383787785,2.8293990333961108
7.866991488938535,8.193765746601063,6.097792708040052,2.6342482973129235,1.4425094278312105
7.149263361513778,7.10581672628779,6.872222445418561,7.325670004521237,2.9585082067351243
7.08795941496982,6.955251260631108,6.0595380909704035,7.514700741222152,3.648778881935597
6.599485948453329,6.6423574846483415,5.976788929689773,8.822136920985777,2.8748743659860483
7.997396227623227,8.185622245531945,6.2172243515566805,8.883034493627251,3.4207954191547096
8.284908899911153,8.494005511166137,6.994171001139566,8.632271290432252,3.3555095683115175
6.024073642667638,6.0339946498759405,-1.8518683172805062,4.258535713065948,3.0919213196708055
5.420753926307255,5.261768350427775,4.550385771813086,8.030678922885595,2.829766576331447
8.188283996519468,9.07329990408655,6.693038933403137,5.288156893846208,2.8395226584328093
8.416813836152544,8.553728597643396,6.490666406028022,9.120365230919376,3.5365140824872086
9.698394161112496,9.908473729760722,1.4885264815188735,2.768050324147243,2.7196498726395637
6.483999892435328,6.584847207508323,5.567696709384527,7.467754198362395,2.7823757332892356
8.263807467935813,8.446719025071229,7.601292158698253,1.6972595396819818,3.9921974434911114
9.899720842596047,10.481109138167984,7.3408465483748,8.47934980488721,2.888340635103272
7.685533442514146,8.253674706619801,5.797732178436953,6.810933795964847,2.862764979867461
6.578442359173494,7.147048286717588,6.370425730794843,4.222225605357427,2.6229479873324895
6.26689004287654,6.558500042783418,4.43899544518087,7.889624036518911,3.3283168398029117
7.273879106675252,7.968731076893613,5.762162558208734,-0.4862367270139516,2.5628764317741486
8.033989881962812,7.820005731207447,7.052112978390503,9.182505968725337,3.110600647759507
6.655123018063103,6.5614396307810265,5.731186761435179,7.21179070812398,3.2062984039785354
7.4660171550165835,7.56976685464954,8.132497956915275,24.350910227838597,-3.312770337173884
6.57068800844435,6.6578969664485665,6.286931533395835,8.765265770052718,3.739754429794936
8.03665968504031,8.206945171172517,7.050189316530621,21.5832073053584,5.796434867129724
8.868425067319858,8.917108360120718,8.671359621602027,8.09028725136156,3.301684459538359
6.325886218662981,6.530662623060406,5.40019465171584,12.18917547638092,4.597909643412829
9.455660836521794,9.789524536238963,8.026933317107343,8.41006461366258,3.3143161609669507
6.92409211832392,7.054186913849499,4.49016473570656,-7.722303578034299,2.960467267862048
6.40195003792758,6.508885054068996,1.6661708751301543,8.645973448502762,2.4749372977080375
7.808809882492997,8.210942534223275,7.443663050940825,7.642086876194567,3.082363587654483
10.674071975968026,10.841260486561035,9.257862983081456,0.6968576832142355,1.477042554027993
8.569032251566059,8.64272768379266,8.75288703125222,7.994900960116547,2.6334067723948893
7.688709441378471,8.035572606154894,6.358603745773053,3.6404315768300317,3.2166148407009563
10.06180999962264,10.10646796326336,6.47510342171367,8.848961398038488,3.574946155917403
6.7412475101137455,7.274269333821151,5.273977010983908,7.891584977873537,3.153250966475614
4.8202466431473745,4.957422877071435,4.1751522928800044,7.048375375550619,3.177064427657314
5.214762606096802,5.129999929438657,3.581066854651274,6.370930378092646,3.12291616569638
11.604974098423796,12.056469344089605,9.08315965619222,1.9420507715633555,2.7010933027907846
7.80936919387633,7.80427669348609,5.0571357822068475,5.986929253332058,3.739747762373245
12.85949031853058,12.983326717142173,10.394470347003045,10.092465480810704,4.256145367877298
6.070421829874506,6.036924876248502,4.854038129980623,7.766219729298806,2.9034805125863326
8.727888867278507,8.919767049060846,7.5539910634032585,6.224090374983113,3.498720251218127
6.87142047960533,6.955994268953225,4.285205256322113,8.361600141520864,4.9446383785492936
8.002555016422935,7.030267121260906,7.138687267559218,8.270226063591986,3.960022667829228
8.91143112749608,9.274964382806475,7.740350523713271,7.687465768551084,2.5027460501513623
8.245747552891281,8.511600120877823,7.048881405817922,-0.05179734324692875,3.7813526668193287
9.617473321730195,9.33325471355741,8.66433976503572,8.752940836603528,3.3145578941233107
6.135048060461373,6.138740748598228,4.599606137631066,-0.7577821586698086,2.488167180444793
9.326058167178115,8.631866466887018,8.368918836656041,8.286487127410538,2.7969064620956634
6.7474553432322715,7.309606221121507,5.110114044076513,9.976378327285062,3.8983866451001474
6.648538337688025,6.599956508137609,7.0749625541547045,7.590197775189406,2.8274715652428126
7.1005898679425865,6.957165603967628,2.2535829811219097,7.848430792658606,3.0224103952951693
9.748674348769537,10.395046205598785,7.25711277496848,-5.412363096002637,3.4578979340362626
8.844004020749868,9.199900316389186,7.549207757509778,9.563363415159026,3.1087588162586792
7.779448804075468,7.896436671893394,8.322000566162108,-0.6841361769793466,2.659241648663346
9.15111124814132,9.659670131923846,8.364189770970782,8.236497781325104,3.3456929938737296
8.780312026088618,8.727773904398893,6.725908997986984,5.102217031331803,3.5737317841728053
7.234701963739399,5.757938622574736,5.513600380103465,7.926267078311204,3.1250228824830835
7.5073901370183656,7.401315384944449,6.307824895711942,9.07099022968465,3.3985670250296636
6.873193600714025,6.6458084737891925,4.6590170296374485,4.752870102167895,2.772104456143317
5.779539875985386,5.542036754921728,4.7557066919222715,8.017081696814019,3.298972801023803
8.778327512623258,9.164032624018796,8.053693544182932,7.99685695083725,4.207753602096498
5.7342099789532615,5.964988834460405,3.7422545096332533,7.188704332449109,2.995543204750037
8.299087085266976,8.1120392178292,8.086260429143726,-1.8395439818543968,1.4108791705505084
8.178314042097654,7.771629914778829,7.192013033929458,2.124755011188888,3.538026695294203
4.830171498818762,4.7006681961426064,4.970897078665508,3.1285169681142166,2.4588794354643335
10.514163031684896,11.23111170417102,8.564308400335554,10.257538531134681,2.962634184449524
7.15560794388902,7.653861157375819,5.916685822202301,7.02545463271923,3.002967127926058
8.265463245398506,8.53201523869851,6.9129654873972495,7.429266918026884,2.6823983736805435
9.21094487315376,9.94244993248051,7.519883232562729,7.714663927570891,3.5256869380020044
6.536683303696226,7.01811345313339,5.321371235195274,9.613955300503676,3.221735804305971
7.8817425203711,7.421352525750342,6.637896322582661,7.822559209618893,3.227393848470712
8.952406230171892,9.165968367828704,6.846553202950853,9.300091430007472,3.3039076865166987
10.746134546213376,10.872490630145535,9.730154590376308,9.084341672523571,4.655269011401493
7.042681790771617,7.129421859221109,6.037596345111247,7.848666737494474,2.788293944586541
6.793021782748973,7.157283435950285,6.7178086363255805,7.438323521685925,3.1126136674411615
7.948195477352025,7.896855313205901,7.224725862940113,8.923737560611023,3.1622614908926736
8.581227822996633,8.601582093258155,7.463939026068429,-1.635507156591201,1.5529194332677516
5.890895140202214,6.036895755400939,5.707150773897147,6.738153020412229,2.9984629179760827
8.248831524629553,8.07455168277532,7.567255351482053,3.083559574246589,1.1556770023234364
7.753746094214231,7.886173664053409,6.611276170054946,8.051161812468969,2.935494990567646
6.544584352029956,6.6149044894868005,4.861509531084243,5.678265870467056,2.9770104767938292
8.175580077051508,8.221989796861001,7.138613186111359,8.132931342915658,3.084989740460268
6.849802466987233,7.068689822607027,6.121428736616126,7.9531748024696665,3.7950739215435556
9.321811076289585,9.48435754483717,8.4952018785617,8.319773947881629,3.155309381593936
8.199977385224486,7.916874976141191,3.495028761543363,13.992432263788197,0.9065595309887448
8.424491294583412,8.420874072612843,6.896044456724997,0.46668223022823696,3.7377831586992873
8.579463340561658,8.701333634957729,7.691640870389224,9.065430063171814,3.023676219947818
5.9910351037917895,6.105643011727945,6.270637384640603,2.9001955732053624,2.2796450065237686
6.907507284496251,7.036723780293954,6.482555058279515,7.223052798838308,2.746753580236692
7.467484871055962,6.262796082042426,6.059272957594859,6.268977209248155,2.6410308320978695
7.392191339342093,7.673119890889547,6.526692613711553,1.0778568548103897,3.571236492858538
6.319347671929577,6.57215219323602,5.574414496277625,6.514752059782601,2.817650918661504
10.317389474032865,10.501708097793266,8.112936323784272,8.987750531312932,3.3517122889441815
6.793113094601226,6.618818044473931,5.360358180887686,-6.995356919587962,3.213760730155115
8.826155387892285,9.112962600126764,8.174141313740796,6.184872130078551,4.403509567503603
6.289071454535678,6.6159651068468595,5.641333465924849,-24.45887554793253,1.9288921451206096
8.596397153279787,8.674824760309075,7.10517184488243,7.89744608997424,2.3701786608317605
11.066898840027182,12.332331173200359,8.894278065437097,7.951188640825063,2.998986835510315
6.817074831280059,6.466764700591389,4.818833295467082,7.100442139614674,3.4635913393452475
6.854951200459628,7.086141259910162,6.4457764250840945,8.146585600423201,3.3915891626583483
5.157157901311628,5.296470456022136,4.3988034077407026,5.9366758508762345,2.75744025241042
8.640756613816258,8.688082464945193,5.703352411633731,-23.440715625768217,3.3629122566189267
5.307591856706896,5.6730687323960165,4.917406658582195,8.678158363918175,2.878941732033501
9.63114512963013,9.591640620758483,7.854962526125445,8.983891145301047,2.9627167202529154
10.765748904266431,10.805692721128107,9.725408666487684,7.9627069875767695,3.2645122641990096
7.019120205273891,7.244602755419042,5.102516503908116,9.536947697877835,3.1353619828839063
7.883593302207997,8.13504311360274,7.9794874031542955,9.303744599404563,3.3829449664017024
9.990609909894424,10.332103288150385,8.512643760695122,4.788804130022879,1.6320730495651183
8.351738059165179,8.420430477517867,7.319800118066303,8.197435812964327,3.1815978378341105
6.726092029860759,6.822321134287763,5.733582134397074,-1.006811988469562,0.3664183322066983
8.628762526812201,8.979027434592599,7.3826206792853455,8.858633981359851,2.9156260313153197
10.717391539617207,12.188358801009658,9.671399152394374,9.207957121245098,3.163678869389809
8.186777206191685,8.686263590896933,7.7894594567609055,0.06286483004337473,2.2240149200727437
10.161433885305419,10.183879607032775,5.392631941333521,1.5736600387796038,2.193582510765033
6.69293026037805,6.876766355948936,5.510494882481187,7.858357233530493,2.76652662034623
8.793417766167071,8.820267280391864,7.604465628237687,0.8186892653802332,2.8195264196956997
7.32466074327332,6.606595087017345,7.086392908077598,-5.661858216199847,1.4641540431611233
5.4035965732609785,5.601167603126315,4.883944786862684,8.776431288302788,3.2831780468379854
7.032104975364018,7.423274648255226,7.765885439998118,7.079756151923696,2.8927694497313716
8.339214455045731,8.573119431351927,6.585388236182939,4.223604288151943,4.647581365585109
9.873085883499524,9.560678463023915,8.180794612848146,5.891601648026885,3.7421018166467555
8.627961494176635,9.049857046179604,7.108895438893983,9.047241830960619,2.823042244452341
10.488706695412908,10.310700142153664,9.669303829546097,-4.513083709744786,2.1985523761205616
9.018669400382464,9.19435316578933,7.8954827672422,8.13142452925007,3.2471685526799057
6.4967521090908855,5.479488818542132,6.02941569408945,6.856085676345597,3.5941295965831435
7.4616500558022345,7.67434304619821,7.421668126082068,8.638882472608651,3.0202658895490506
9.178721263270848,9.370102585332738,7.751904084229361,7.365215322920318,2.9470528337921964
5.444367079445724,5.382967704050044,5.035774273607184,5.886252492664041,2.6241210495381546
8.25353151249087,7.750349734810683,8.220837351087452,8.152116752749148,3.325796453930766
6.073540063994411,6.089129075655077,4.850222785210492,2.2248220774032372,2.3825283228298675
9.392053930453105,9.883340577128898,5.5264790937627595,6.598373301942746,4.6202427789605895
5.161736945089308,5.467754918775855,5.338110618250342,-2.6293950918367366,7.737700469290613
6.807581679625143,6.917530242650895,3.288816527799828,7.931353863608691,2.6843386731443255
4.605860154971957,4.805714231510176,3.3461233080658745,5.897563754565633,2.8538188456288704
6.165051419311656,6.528048161536973,5.5736047814438665,0.7258037559691655,2.2248296876263156
3.3861593625063877,3.5682962094355597,4.055816730897399,-0.7956303789723993,3.0714965401823675
8.990603339004279,9.411911621827919,7.679315938247937,9.172252159925247,3.4670101586417528
6.044557309496179,6.2198963711641175,5.364217470595039,8.630230026427814,1.0130887768293741
5.981209256707644,6.209432390855361,6.289097394965479,2.217554121870138,1.9257695810195414
8.511240631237477,10.05274765565343,8.988964422465719,8.423719495687697,2.6551949314553247
9.812499285296433,9.642024724247763,8.252346358569698,-1.9258657965620296,1.8050288770915006
8.227528098113645,8.45509479591728,6.687228936837164,8.343868485128286,2.7998296345534883
7.375252919059459,7.250906547534742,7.531647163447498,12.434057551639153,6.113922408857443
6.892985888926132,6.980581058511057,5.532306182688133,7.8160420698790745,3.2300969526977736
6.293437799403835,6.8959509934573235,4.437510888524646,7.597148814332914,2.8607477060972686
8.793772721509328,9.46101904710723,7.293093347370128,7.926720547428676,3.5284612149648487
5.726787674225623,5.768809328836136,5.176534740182124,6.895974858098356,3.5133381767039484
5.784130823510134,6.063108883942372,5.53751713840379,6.069937660463635,2.8677962544270783
3.7960133159996143,3.837498056035779,4.289094776409985,8.20744547066938,3.277486065306242
7.729806419565041,7.803042707509446,5.840006227614101,3.525300799056691,3.391064124135092
5.255392051191119,5.172546509676539,5.326294015481565,8.360246196635192,3.245786271607882
6.74149441832329,6.045259843628288,5.571166040004785,8.309810041385417,3.4705820720064477
8.752149400212605,8.697349640522106,7.699487133319982,9.297493050490768,3.450435023871162
10.03325056210559,10.97571712386008,7.039141800404908,-8.172410119138322,2.484286608345725
7.918074469477833,8.231073880401095,0.7109158067498557,8.547241352284919,2.8143656529296375
6.247347322257037,6.393282187257396,5.811584894772593,7.669665424018026,2.7997919862970404
7.562216961395534,7.506475982282309,6.395416458469491,-14.359126347344557,1.468493347533916
7.396579023723228,7.13500994322351,6.562219194402773,8.337465544367612,3.1967453859353134
7.910794917288133,8.128216338839046,7.34072641896106,0.38632104672939693,2.3452687475069585
6.628258947241579,6.746368531363585,5.475503881367676,8.318422317505622,2.630953358828356
5.378739216447132,5.249150930617654,7.13174931031879,7.8721944189694995,2.819379045240499
5.2651135701956955,5.329844873665618,4.955612822508707,6.512870001381703,3.0885654234152256
7.01298717600692,7.122734824812952,7.111995496405393,7.611699098828988,2.9540984145807414
7.184366909289562,7.157730888174846,7.4797066950934274,9.58248967075654,3.508976607930043
6.864660597802713,7.158404346589961,6.454917014192367,7.060753721242918,2.783293975185492
4.332717150005652,3.66451457013341,4.685627215984998,4.76737707005792,2.9717208144600984
8.99891931844578,9.11872517070678,6.87382285685747,-1.5633853793429289,3.939502426799049
6.925929153604601,7.091860689147679,5.793134328092078,8.009910181047765,2.8262320359456266
6.936395616603376,7.340969886000781,7.268227153254934,6.805302392998467,3.2910804012670676
6.812598440900093,7.228928557411369,6.491002485108376,7.803732895343319,3.3118194392918694
10.767601028484417,10.44511788603969,9.658129055595483,4.229302671569137,2.934108680442658
6.929311626073205,7.1812249158916295,7.066475012386177,2.9763964066343194,2.9830959355208435
9.598607359083497,9.285622340460336,7.711254606849101,9.462436077190624,3.4899880683371043
7.158240173620477,7.203296260985342,7.40929855548986,9.231677331018544,4.08001551491136
7.330126999045978,7.630055656049059,6.057389456706711,7.7356004587248455,3.183132849403301
6.016107515759117,6.013411527649728,4.367256367207742,-9.782278857415179,2.441588831950052
8.076759503372417,7.720448787355663,6.4841999567073065,6.59664443961187,2.7730668456378975
4.533938334931156,5.316662279326653,4.514819617503093,2.2528519541699965,4.3004998721503425
5.583874185718035,5.806956565434105,6.022426214546099,7.710880528976382,2.9816465740979536
5.684224975834391,5.817993378719763,4.292865588053268,6.789762567938222,4.265326925935261
6.9518902918187395,7.019895953047072,6.3996332726730865,6.313013337983522,2.542129080094341
10.480299909687293,10.861508717361655,8.211356652595484,9.32222759032118,3.3444657080266778
7.197873147409126,7.2205858114884425,6.792207587176594,-9.976584416613306,7.269593269250102
7.622317383629501,7.422284631591641,6.684450344761382,-10.963429985454695,5.252838099998257
6.981525357931458,7.380409913898027,6.701364960617446,9.004596283659572,3.2545353567591784
8.222857058052831,7.878663319810904,8.231995710566409,3.8460476370046868,3.943012519267818
7.542484730221279,7.535962245417618,7.1960314006310275,7.653555995203089,3.1065172200141182
6.307739429101528,6.420038988470994,6.435095235364264,7.872454435232619,3.637584822491305
6.432646436288204,6.062130980906222,5.724604511004721,-4.413838869817971,2.000303825458998
6.420276127952943,6.726375859215812,6.450553829016274,8.09859580760138,3.1433953825368883
4.270610323162732,4.463373588233144,4.2798780393906055,7.9176417466575,2.8750191240752745
6.140782189704346,6.388814381781317,6.432641451103622,7.9256482843732,3.429649632215183
4.474728295961532,4.5855215605052315,4.514545456861566,5.729723143650973,3.563446206512357
2.8104530588897974,2.405474101949857,2.0522118809097334,7.980237687042351,3.1144352075427184
8.226069046826373,9.080293533108271,7.835878574688537,8.68946332312705,2.874491447636186
9.34066239798409,9.387043980536344,8.667991341976505,8.295293832257075,3.9500880730058814
6.584243672313592,5.993859531872406,6.575583781588694,4.869843822626779,3.7682042584538147
8.225806386956686,7.903306193470506,6.2423102339355925,9.518286282101029,3.339224236375186
9.64651370881476,9.362078765903323,6.753244661931283,-7.161294030315877,2.86802847556435
9.365125404157581,9.595552872373638,8.080068677197037,1.3216151077246336,2.8099686099914454
7.922384801001895,8.062060084599818,6.341530131179115,4.1839214189954514,2.935557178484685
8.890901141725832,8.520872080714604,6.99329603152956,8.759802164635055,1.5758944444205336
7.891131615365655,7.798175142621278,6.411605982547095,7.3879449506315105,3.075235515445728
4.528366785871792,4.307542842046942,6.10548136271677,2.7420753177800488,2.965235080954586
6.104709728162696,6.3151888420540505,6.560720885886939,7.511994100609931,2.7513570923875923
8.03215733729558,8.352763405245867,6.826058198019736,6.982750687440509,2.564724403353534
8.074891455138486,8.165013057534898,6.598791004976941,0.8591555540049547,3.1393732382054664
5.064394908792957,5.119578352506892,6.483033188601925,2.215355258370066,4.332993094997796
10.105655961207383,10.91239720325677,8.630184571412874,7.979769908477744,2.7788583833051996
9.156831005659686,9.303170800157064,8.5944941983686,9.350336276921958,3.9401721908887826
8.238777151294949,8.271426130527017,8.417973791402412,7.156917255064618,2.6819702138456383
6.814617343677711,6.8761678260147345,5.643446328820207,8.39249946627788,3.3935301005491643
7.845003645547342,8.082408357916712,5.836996821384198,7.716670483008215,2.362636888768811
7.074903142114241,7.345942748987616,7.027485122243091,14.489631333771143,1.1913103692745057
8.138993700855858,8.255100520346422,7.893562995698668,6.010461651430527,2.8371533882450954
5.698847754575233,6.0098796791432445,4.394292142522076,7.061108280503929,2.8387379693734553
7.295225274851893,7.67364282262905,6.810969219453784,9.925742816583249,2.754519800097799
6.007097293449949,6.390310201990407,6.648551175179423,6.381543428522727,3.1808381648756203
8.988413653218375,9.003760446892388,8.127316956962947,8.703581344530118,3.494758127440402
8.27230578823469,8.124910013681541,7.135316481306725,8.437577624888329,2.8958176193891996
7.759006573881324,7.840639593703809,6.725471292700211,1.4869969704528399,3.334377296766551
5.667670881460327,5.605232824238547,6.36515063999963,2.796665921931057,1.503407076193165
6.3840415079075825,6.055833855871211,6.50614608334751,10.46288707882104,3.05202093899371
5.567632951310534,4.921064074218979,5.2652849863944144,-4.114550492526238,2.769834669462041
9.741425270658743,10.387047752128943,8.737928276386073,10.853918196715833,3.1512513360472996
8.974993595847621,8.637490370094966,8.153179501422775,6.910582593474263,2.593092613722144
10.721860521495687,11.864877961472093,9.49958640849274,10.032022079943388,3.4990554328991132
7.204785231887751,7.3397290422879635,6.782950678615986,9.561740317197174,3.523504886978251
7.9507085325930955,7.620433736953812,6.321048041317569,8.425978639011952,3.544034505111748
7.206107267061106,7.5487578084381015,5.777903823903204,8.07036506521776,3.3500635597248456
8.687646949682676,8.68146600207649,6.851725661658089,21.08976966373963,8.904358165400696
7.508609950216199,7.841190774360602,5.835906084809298,8.383596190417519,3.7132479743278086
5.839325501079365,4.8987835441528045,4.65561654445111,5.544235435364106,2.4704566826831895
7.154231537975251,7.208178007007204,6.684225631802764,0.7926336296233183,2.783704397100939
9.536283534800756,9.891846948789762,7.249422569071228,8.81173419985504,2.969236475165059
10.519159566338097,10.503933039089155,9.233352704172981,13.05019372149998,1.150465110386626
7.0634689774472665,6.418865320377931,6.470921038549261,7.215532421583159,3.0555787217755848
9.819501646758033,10.018495511361852,7.47579346594882,3.9690452406140966,2.994920102300994
7.011377254123337,7.16404040925658,5.675288207323788,9.521646760495692,6.515831245004223
9.506073077243345,9.244570529259473,8.17009502319721,8.380095842863124,3.1758496569887376
6.97501478800822,7.164289295406842,3.7867065372674125,7.725561571249556,3.485239111846253
11.531481677061336,12.099628123838205,10.788566992868722,30.40336434128122,3.811821700438243
8.193422113008298,8.432277685681337,6.973088420924724,7.135923970491672,3.0762313682719618
9.386946387397582,9.68599095385017,6.7668771715142455,8.253728643610515,3.0848696408147473
7.554865661517206,7.714214015843428,6.628576260725572,7.239232479463798,3.0015903267290582
6.089332203099531,6.1691538585405885,5.495377114008295,7.562071073469416,2.7946339970450484
8.66792569849301,8.423168529292107,7.695041498473156,-14.02468593772792,2.1755567860976264
5.763725841619616,6.027723816034907,7.112774381533436,8.169854489066832,3.018083870607285
7.429660542728133,7.5878888650252785,6.09722840898516,1.6289535227457592,2.5558175426292458
5.496200548728131,5.806423127025701,4.299806494615051,-1.1618892579171107,3.2645363261313594
9.105734439776288,9.803913750859245,8.244325264808309,9.37198137401126,3.6763684784398056
10.13289001365104,9.619654272830857,9.162068830469583,6.514094786269372,2.864825260959851
8.31763409991541,8.295414075926526,7.12992970578596,1.5569750785840801,3.512507766684571
8.808768911970628,9.19987113324369,8.224797153650517,1.8741258797059044,3.7910144015089466
7.856967677616973,7.762077813801113,6.281263384224808,7.835493854265481,2.8570690010269466
6.962855373153554,6.551006769345712,6.836417930822454,7.499466801473824,2.8859680181404253
6.868097628819471,7.341249108530938,5.6028349419029455,7.089053827041813,2.6193618749851475
6.7101794852924765,7.234951135576094,6.140911612198056,8.92311367187132,3.815572538047822
7.364356008607159,7.536635751145628,6.252675226704387,7.417147937645957,3.523849290694878
10.047099267474737,9.913172092185198,8.140416066482853,1.4155299539872739,3.60258305379172
8.229877709267889,8.56299780509857,4.376377220635328,-11.451462645795864,1.181176567779593
8.62792003086369,9.080474098745702,8.60034834584182,2.5937359721104265,2.3050418374854615
6.910047217349256,6.67598510928115,5.937542504776702,7.952466963668037,2.7302476995155067
7.879482335100143,8.08414429198449,5.700629198051842,7.919383321174016,3.0391854093566195
9.714978531005636,9.9495267320854,4.171620887743978,9.048835918505176,3.1840013411457146
6.161064403361074,5.969300077358643,5.410735315510816,7.215500350207856,3.1969039337662823
4.9747421205017,5.123136205606057,4.438064212622191,7.326425783104224,2.820982587730369
8.162188977556053,8.394781572540676,7.053044026910233,9.653383236008043,3.456984674237682
7.674357744627569,7.674189853896642,7.726418177504912,8.025365512940052,2.599469441067912
7.8197806025015915,7.9874721298931615,6.382043726712187,8.357564437359803,2.945178337718384
8.838250438993551,9.117307775946838,8.400145358866054,4.89337288401642,6.001192444330402
8.030288766043006,8.275066783502428,6.117968833698646,6.978043455788943,3.6107588900693113
10.88305512777289,11.533981748969715,10.038090497197134,8.50274705579838,3.170971239637879
7.403598643430699,6.355490941866998,6.694125144798632,7.605318243560982,2.604290936846345
10.074654358225363,9.407705648603919,8.962044605029376,7.444429581545464,3.120158519320169
6.805721231080255,6.913613723439472,6.924200855910998,4.812670071870009,3.58044458160978
9.572090798836333,10.018608197547884,9.504912951569027,8.08685057611174,3.3939002398069587
9.088096482916484,8.664224205910198,4.10282875764309,7.047637060535616,2.356481326603644
7.419390632471121,6.511342085990437,6.3543388000384216,5.841829274422825,4.004576331003086
7.949139641207641,9.204341659904195,6.957532285192146,3.3065101584760583,3.7958442682390103
6.966990878163809,7.021188859494563,6.327974831464865,8.092983181865812,3.1221640298050213
4.52483564259781,4.663370275329938,4.876181517205189,7.221391669846919,2.779480465763956
8.213197975759007,8.402260325663159,6.435059920796243,8.165586123369945,3.096962232009444
7.818158288234649,7.790872848665794,7.2642278187988865,8.904751522814932,3.3117500176815753
6.948601026404374,6.907113722384484,5.624645326414817,-5.147417423588115,4.621691793201226
6.673635357922006,7.005030596287536,6.469791896039017,6.704022018008528,2.886381544485366
9.081569326595432,9.140306436523279,7.728960792583743,8.027508832560475,2.8348988122558234
6.731008314570136,6.755734860046505,6.601464370893832,7.864925465432215,2.6922697473106627
5.642871038191286,5.946688723982382,5.047524780249642,4.69259098887076,2.4986175200522176
7.063804182667198,7.223558426693318,6.663457730173261,7.930207760746422,3.1756701407416417
5.745309709313053,6.38405957456592,4.232001177118368,6.947687722987244,2.662274958371225
7.515328691113568,7.621084049902502,5.800944428329881,7.511428999527562,2.9680680282154244
7.782304616679973,8.447361766447848,6.388066196913161,0.8345567574676331,4.145967859464642
7.557633320685705,7.332162474834142,6.756155662975245,8.653941287131461,2.9944242204366187
6.532086058248359,6.75645164628507,4.8388010992116515,7.606631712398759,3.126933123893739
8.59493968626836,7.1455247344347645,5.552603954803714,9.538364538553967,3.4023929574171694
6.4692679913717726,6.565915458972034,3.642086042365173,4.085778585170078,3.287927740029917
11.301997988220968,12.479578060934736,9.684477359638919,7.061533438390276,4.085950397776679
7.388319231650127,7.74103556982093,7.941834057143106,-3.704216559403892,3.561494469100715
9.444049621392782,9.811008270881969,7.206485957682038,9.094570263365084,3.54322356298539
6.9308279325107005,7.044289373116854,6.483148107158394,6.363256121022799,3.3780214872797503
10.960140251074431,11.245179807666439,9.373387271572792,3.814954771500164,3.286407592302983
7.247057714886862,6.285969880950827,5.6984882927137095,8.036321340228517,3.757825745618012
7.632026738836897,7.968007863741943,5.5375678892925535,-0.4354661760405545,2.6340318891656085
7.880697506838093,7.882963441381987,6.825170244963274,6.620417688439961,2.877967109727906
7.7079326942026825,7.569168122892872,5.7773305347124575,7.504506819037923,3.2569598309120975
8.460783479728853,8.854803662361725,6.45946440518271,9.309895189478887,3.6257740299021997
6.740826368127131,6.746539841085884,5.479168462768678,0.35549560796003465,1.7658279665795324
8.23498726397668,8.562434285543953,7.101575479223222,-0.4815772083171763,2.893908983604632
8.642326838432279,8.828998201334954,6.26294241845688,7.946238901306993,3.165720212483289
7.492627236114188,7.702926378785165,6.2278414515088665,8.49585632860161,3.378182201234169
8.642504786787892,9.055286629557001,7.616043055952456,9.733675826176448,3.912026627470045
6.287685219712699,5.324871842458833,5.9771970415694495,7.795469583151086,3.0764287662694967
10.197370966540646,10.117030116241096,6.439579391619337,8.505130247355861,3.409992030695368
7.748556394278645,7.56977547625868,6.756045887880087,1.1707592858135718,3.655047323237018
6.829121092571445,7.02473072162195,5.802077817346164,-5.314323481119572,4.845696462033
6.60267899580823,7.006274352703196,6.9256532683905325,6.291953523681814,2.8649358999162864
9.91379064344714,9.890294165730662,5.202488464121198,8.048009905134345,2.967156245505751
7.936787756237599,7.8682331387338245,6.440288440912726,7.2683935154677926,3.01659374929917
4.999245570142676,4.6614856683234285,3.345067078402251,7.5670114833093685,3.4785622116453707
6.092052551614746,6.198694880833109,7.1438099750251505,8.695429021545623,2.7991364394865466
9.394380348818412,9.974441560115155,8.19936124355426,4.724917324702812,3.0242832827586166
6.617392664773892,6.811860737239368,5.07022246234832,8.650391195632624,3.021879771749001
9.330506227908089,9.191741764876312,7.846905024018337,1.3327389002004288,2.8291980067832547
7.266546947940633,7.306678194375591,5.903877399265694,6.275376660342961,2.5531293484982918
5.0176845079901256,5.195412755237696,4.709480120689033,6.478030859074569,3.2639466570388063
12.766566468934876,12.145365047107742,8.487736826431066,9.500023515547523,3.281845713311653
6.570359338319269,6.784660792057399,5.505877969205853,8.17755390016293,3.5055439206228374
6.713704589598239,7.091428088598992,5.143983006988126,8.433270461269128,3.5332056808309735
6.816203924445048,7.142843056639951,4.993841250257803,7.071836098539162,2.711272114119164
