abadie_linear,chang_linear,ours_separate_linear,chang_lgbm,ours_separate_lgbm,chang_zip,ours_separate_zip
-1.067756240902337,0.047493213490175656,-0.942778098138763,-0.06217611376450169,-0.9229845042018016,0.11950023274606188,-0.12345347431600243
-0.01794340695431321,0.06996946926576296,-0.9555556237223237,-0.04365033907894905,-0.945798803435973,0.2295374553500432,-0.260515624086864
-1.4225783767305502,0.015406088219679816,-0.961855991340429,-0.03713081299611369,-0.9408970730495876,0.2912076654320647,-0.46816015569233577
-0.5958935284927221,0.11721680146831509,-0.9326559397699896,-0.04335819071892659,-0.891369288265516,0.11448779284338888,-0.1355486877054713
-0.6693448480222818,0.03902913934661516,-0.9288652331357643,-0.046156564801549116,-0.9187580425240791,-0.02034570933809872,-0.26456964036959796
-1.027712165127774,-0.010184359382069718,-0.9250606902116164,-0.07123993272933626,-0.9187701022601297,0.11479803096082747,-0.41677747314400326
-1.4483579424228648,0.045357981849996454,-0.8911967806239276,-0.05331345452185232,-0.8824508952728666,-0.006271173917343303,-0.5314753058903355
-1.0695117351778594,0.05108953423044127,-0.9401084241095201,-0.05020336098092736,-0.9460702057693555,0.09456210535971597,-0.21321566597785538
-0.4298152922196145,0.013434894584665284,-0.9354263836719606,-0.04894853123345122,-0.902604551933603,0.15515874261752244,-0.1111852417706905
-1.6893196982344436,0.009002283408924113,-0.945785954498903,-0.03974090120453587,-0.9391474366373705,0.11884920139740053,-0.17959197905713675
0.0330153268859631,0.023962613004840465,-0.9313282060875924,-0.04891959649854263,-0.9318020719845104,0.20977587553241048,-0.26295683163643746
-1.0274295533335336,-0.010596282022563852,-0.9284796936697111,-0.10243966270407343,-0.9200227531505002,0.007829561030842728,-0.3105559117293417
-1.4555322699873312,0.057787746743353664,-0.9469476369780854,-0.05286761802065619,-0.9264557958894098,0.1345131105796527,-0.2877933759654692
-0.7107854036775767,0.04816898556665445,-0.9404709033331305,-0.037663636320887865,-0.9249857580081934,0.265105078391313,-0.21318111700202633
-0.4733894025517101,0.061564105159570885,-0.9581618361551465,-0.05081109894826942,-0.9546979127031818,0.09248022993740519,-0.2655706465872824
-1.1272257148253864,0.032699118008531806,-0.9350479009075724,-0.05395044461292047,-0.9177067465297419,0.21218348288339606,-0.30156538785785425
0.42007895302955894,0.059331081515390884,-0.9237300009658541,-0.035444952478693684,-0.875047766450306,0.08456373286239248,-0.19726959874401573
-2.453506089903175,0.028274317603874236,-0.9333309109849416,-0.025650403891684635,-0.9180881616647002,0.0650924990284384,-0.3888564408515558
-1.2749180886663716,0.04254624129985929,-0.9421327031256495,-0.039097037927912456,-0.9097920274175318,0.0047364300115848015,-0.39418260168027225
-0.9442492237229861,0.017607934146752838,-0.9084533802173692,-0.05030940843256405,-0.932915554732153,0.09047521101992922,-0.3627202009837273
-1.5099668467938459,0.04520225494932209,-0.94493945090089,-0.04873501811057244,-0.9268301347156594,0.1722588706264906,-0.3653656383426526
-1.770490978942807,0.010290447501064783,-0.9506710340806325,-0.04578526857510035,-0.9305523612451204,0.163158911389606,-0.30757846146433787
-1.7547521422108148,0.011208717418391512,-0.9499116558997828,-0.06229983221900054,-0.9160967297701885,0.20078642314389966,-0.30918264171133975
-0.8857765471574498,0.001458769700462087,-0.9882577087263471,-0.04397032551175128,-0.9821498434344137,0.019843756904216393,-0.2723143998489303
-1.7262040415451416,0.0213056876208033,-0.9567910871646126,-0.044592785010748696,-0.9600107440665707,0.2565951856543827,-0.332225539910075
-2.0681345122107966,0.028522286523221235,-0.935771164386909,-0.04943339352073956,-0.9270464104851366,0.07335008011441083,-0.27335579425920914
-1.3645633467468101,0.0581350224226523,-0.9743030651751002,-0.03921375234368686,-0.9430705605814624,0.18690150513857973,-0.3274855024259591
-0.8897137903046599,0.030824474794830626,-0.9381394753262565,-0.05360974687495679,-0.9214121958270649,0.3038038762440784,-0.18473952898811144
-0.6066338914099366,-0.018520456246049383,-0.9313705691180231,-0.06194953416226544,-0.9138598916976767,0.13667790508614935,-0.1984273948599656
-1.7862882555375197,0.10221080088985554,-0.9346092828884559,-0.027700532691891343,-0.9095039056232918,0.29504998917023467,-0.19691209456971662
-0.5184227714144115,-0.04968530601307342,-0.9358326967707903,-0.1384296182988324,-0.9210168367340328,0.07910594956529624,-0.2467024180704262
-0.5667061701133302,-0.04046910132766294,-0.9275796170954278,-0.07726232952013275,-0.9253488529100645,0.04386023070179185,-0.18472312279738445
-1.023107945874219,0.0414302334794383,-0.9326502539839935,-0.044266463261621994,-0.9406810583254467,0.22552319808586566,-0.39896242173345187
-1.1296433491496773,0.035131557041065915,-0.9380405084559221,-0.07198258278119317,-0.9161519123054133,-0.06705932073419003,-0.31069044946698454
-1.234268824998488,0.05298712320821767,-0.916502233530675,-0.06317504558124062,-0.9136707851948134,0.20015580460207996,-0.2609376567898626
-0.40741025446759677,0.0234432039654478,-0.9364929736513061,-0.08001945580138994,-0.8993187860765831,-0.04274083466990535,-0.28113654208652267
0.11416623494127594,0.01127887057894671,-0.9338454108452676,-0.07976761475415226,-0.9156877650340839,0.10209987813681223,-0.37382787940875467
-0.4238411949273597,0.032160297112062294,-0.9584215194701979,-0.04318289754151904,-0.9461650140410853,0.004178853101510994,-0.2811360983161947
-1.3957156945441966,0.03286717590241059,-0.9486462498113017,-0.04229922861439411,-0.9454462676546389,0.07920276203424893,-0.3171728225040767
-1.5693898251059473,0.02701960918320851,-0.9637335577083829,-0.08323835086862702,-0.9274026022339665,-0.11059652325158086,-0.3777345428347803
-2.0270835930780553,0.04599873943618888,-0.9075002504548129,-0.04354981454839518,-0.8886505044010439,0.1769826786480035,-0.32226648554998666
-0.36926944742875983,0.0377425388841894,-0.8926753539126886,-0.05959737733197785,-0.8931037126178647,0.14692108370431134,-0.25651826537768624
0.6520516982550735,0.005747701649104949,-0.9411663277910092,-0.039515136548755554,-0.921638828941782,0.17500281103638765,-0.3174426212324477
-1.1388067833835696,0.05207025623063719,-0.9460892188927974,-0.04191549796074013,-0.9271901598799127,0.11114190011169259,-0.38211938683757857
-0.19182324289548242,0.02200677294369882,-0.9279425760300168,-0.06516332487333222,-0.9015065397285607,0.12934647005752314,-0.3841366569184328
-0.7923399371153458,-0.013250234936818308,-0.9420927540565193,-0.05447500205165484,-0.9182919386930471,0.014850216376003963,-0.3111242199573597
-0.6564255643896275,0.6528796241806248,-0.6835162828822223,-0.037495319798505844,-0.7044634111904666,0.20609300144949289,-0.10634290555379187
-1.2711123332567942,0.010767898752345115,-0.9345661939010481,-0.030682086946722403,-0.9297182291471742,0.14157163366219855,-0.3523527485454152
-1.1804610833839322,0.013409391800284363,-0.9456198177949052,-0.07835109138596275,-0.9300395484817778,0.15317692059082705,-0.30264164079520167
-1.328511454829084,0.03969860026040374,-0.8875778663895124,-0.04301760879400039,-0.8947500652267545,0.24987592495990388,-0.2444090530559144
-0.18725998086628615,0.024523133986310387,-0.736429552667816,-0.04702916646393137,-0.7391000433530918,0.09134386518212302,-0.08161830206080287
-0.7055895335710409,0.01919787314760459,-0.9274024692767783,-0.052584331259028144,-0.8952213713792583,0.18975410484419797,-0.20909269928849533
-0.6729796496993495,0.014169576735860891,-0.9314511010910504,-0.03243051828871031,-0.9082553074753921,0.12762631908407515,-0.31807910958725516
-0.5295252780136692,0.05029298681537257,-0.94108669767738,-0.050182766830907624,-0.8988125530433033,0.19368601051750342,-0.01423634238622965
-1.2269250160201837,-0.005098558412398155,-0.879574285524553,-0.06473920942067753,-0.8953508824705791,0.1434356117651739,-0.3350353577127461
-0.9360531143839284,0.02123796462759857,-0.9516514692308202,-0.0737952727299276,-0.9299344225540426,-0.11282538624504111,-0.17648307004629665
-1.3104925316555585,0.03183769349905373,-0.9433215556470034,-0.042914917798316334,-0.9186726290218465,0.13929075749377376,-0.2255760291491908
-1.4835097321315076,-0.08598672373596296,29.098089897682378,-0.172288168668737,-1.5122270739952344,-0.020628853797287437,-0.18970773521830464
-1.0356686297644517,0.012743109816648005,-0.9458443370684635,-0.04316427831042706,-0.9166442534609689,0.2192267109798997,-0.3877593632509269
-1.0972736904658167,0.02352407237494855,-0.9419734839347914,-0.04511346060795997,-0.9296071458449577,0.25710780270378025,-0.17782518534883437
-1.5680622717767247,0.017787920127536636,-0.9417495929330455,-0.049590752891297926,-0.935153247187806,0.08074654721195904,-0.40391748911523806
-0.6316989701006954,0.04750653073007371,-0.9273306967948541,-0.0511561986624579,-0.9069303127053998,0.16577238590809337,-0.5241883676926982
-0.8096419354030191,0.019625762764443545,-0.9493346675710049,-0.045879553774778536,-0.9278615011621743,0.09498344828470574,-0.35470787157295064
-0.9476257502255699,0.0028036506816291927,86.4810795127333,-0.04696871612348709,-1.8513562045869405,0.39209661041662525,-0.27880192098621087
-0.9767740972428708,0.035895718015717525,-0.9532576658270507,-0.055678439266106626,-0.9258942147896787,0.20133870409996613,-0.349554417601111
-0.8455825147989325,0.054483264287477316,-0.9479762204561851,-0.02678483447053703,-0.9134464316604335,0.2681720626596769,-0.4152642415390408
-0.6516683863588825,0.0026493368753181487,-0.9526115901389676,-0.04714091303431945,-0.9356105960378368,0.024950128971413296,-0.4399326119665847
-1.161971446244177,0.02070882302555535,-0.8175554140228211,-0.052866630727974824,-0.7877659513176154,0.29556274395362747,-0.15786883007414032
-0.7512780003460476,0.02005675351860095,-0.9137244503544191,-0.06270931478033555,-0.9138385701113189,0.08463323867785805,-0.46575843579310217
-1.3490206991851907,0.025222162145582535,-0.932408890301782,-0.047498730475960475,-0.8977347529669272,0.12294844762303937,-0.2805723850507074
-0.87111082414138,0.02512491993847238,-0.9651848177086583,-0.04751190848414764,-0.9554962942057533,0.16710204786991145,-0.36508905336243735
0.4648454647329396,0.03099845455795266,-0.9658592245262883,-0.05548282944395282,-0.9623597441503178,0.057498521247190834,-0.5198007370766655
-0.6515027619347123,0.04575187797900093,-0.881406642521969,-0.04477894552711322,-0.8647950256946433,0.12108735479317392,-0.12340792615624341
-1.1002244830057146,0.013047723046624427,-0.9185851161335687,-0.038587710310009266,-0.9001580430802141,0.13025318933423335,-0.3104307851726818
-1.1979011416286096,0.004846014588877906,-0.9487503826850959,-0.03052520748104856,-0.9371214949333325,0.32588641430493465,-0.3830827203658936
-0.666585234144957,0.007891161850042117,-0.9367183124158753,-0.05573248956963828,-0.938471587251325,0.06191454592815782,-0.2587390089307123
-0.347126087124013,0.027658442299847045,-0.879001731241466,-0.041199637926678495,-0.8772983884590038,0.22246700652207593,-0.1588151223245527
-0.6087467574766702,0.025761479008773826,-0.9617086947076761,-0.05144586364475315,-0.9319072877396833,0.14084472318508032,-0.3713997384281256
-0.5182546802680682,-0.1913162139173394,-0.9086300342150033,-0.2604325092282256,-0.9021532562619453,0.06596762410285856,-0.37691042288736243
-0.6571961163557627,-0.008744134267640117,-0.8711000854575729,-0.10690657882315306,-0.8796956118069558,0.16368986148853418,-0.18816849141437453
-1.1281592812787715,-0.1431326081768662,-0.9192993747026755,-0.21891491221170542,-0.9080037310015715,-0.12482541334408558,-0.26659383942168785
-1.1831024018592518,0.023763060585387106,-0.9579759410500966,-0.05047772724159524,-0.924415622060298,0.012184098686125917,-0.22968218080618213
-1.5405573818496092,0.025706412452649038,-0.9486153993524629,-0.03246611797940857,-0.9249974722469172,0.3153701558744988,-0.2000826542194517
-1.5209092753814029,0.043560888516130464,-0.9271392754595325,-0.042435938846174324,-0.9203728989333799,0.07026306680022454,-0.3699320484135077
-0.8958740873055647,-0.005073785365344696,-0.9427734597445401,-0.09050784220068127,-0.9234668357226311,0.06663479310278957,-0.16632132526434606
-0.46903869433812195,0.0057878257499591,-0.8417379827347573,-0.0766463927734501,-0.8497388414580971,0.24787677553556164,-0.2353107793570955
-0.8358041576950687,0.013470332224914505,-0.9424737463830799,-0.06142944737249896,-0.9318984107535888,0.03266947307152609,-0.2666410464512521
-1.7861373202208006,0.02105799722913064,-0.8953040996468474,-0.0621775226308354,-0.8843113369766118,0.1496786725312956,-0.2861983168042364
-0.4847144818495989,-0.09466962438183633,-0.9373263819751704,-0.22406404774292651,-0.9055843462622923,-0.10535983103848193,-0.4186184837714226
-1.2174328643545125,0.016070846922458176,-0.954573519903324,-0.05027308362355032,-0.9408998110820952,0.054289506498413534,-0.6002819702166897
-1.4649364638993423,-0.017830684191753814,-0.8903129413083052,-0.04370966315322594,-0.871288998222998,0.08096017140102942,-0.3314647288690047
-1.430228410927064,-0.0025925008252000318,-0.93697188166261,-0.03294548846281719,-0.9345810729883002,-0.004093422222790686,-0.42035105783946825
-0.8228248055198774,0.03116903650215292,-0.9490268123738744,-0.0376174297297612,-0.9325338766086727,0.17347432985481787,-0.49482402540776005
-1.5297226556760508,0.0038430931788922466,-0.9397052655165712,-0.04777208226365376,-0.9239835053867926,0.1836085978627274,-0.330928612156864
-0.602045243276291,-0.019812947614380235,-0.9552480918467106,-0.044068164685337016,-0.9161481642027883,0.14700276445981844,-0.2454755979646713
-0.48666679435535376,0.02863100335654446,-0.9823263176525253,-0.03890523210133943,-0.9857380407615427,0.05592403288753597,-0.3906276547252578
-0.4937199662263298,-0.03298878038881603,-0.9953563467164572,-0.07754050528510531,-0.9661560271952832,-0.058731080903155514,-0.4578267774670402
-1.208702977788363,0.005459003764284899,67.47874875791429,-0.07244609251951926,-2.6156282943148956,0.15252582091528633,-2.011151803092419
-0.1948663737423784,0.038455030203764104,-0.9295231411644624,-0.055011113245849105,-0.9265698669326496,-0.01704176507659512,-0.2828082577349715
-0.10112367383513501,0.06252661632633864,-0.9251022835106432,-0.03175413666177346,-0.9008303347293588,0.21379479153014516,-0.08632561815372981
-1.0514107028377728,0.0021737527818747426,-0.9473339594650956,-0.05716882036686535,-0.9341905717890492,0.05334626458546731,-0.40558555377676
-0.5969135427685772,0.02345341325205532,-0.9330401642573193,-0.04547951607183286,-0.9164858696155712,0.14799203313110773,-0.24181674613090862
-1.0822395881957192,0.249891282872514,-0.9260952365830557,-0.04676248114043279,-0.8964450696047026,0.1447429268355241,-0.3264978190181396
-0.6613145754126595,-0.002483693262930657,-0.9397809554837584,-0.026358253108781735,-0.9168340721032278,0.06426026606739621,-0.2565592592570029
-0.9975993641721693,-0.0011151136315940163,-0.9164064269786644,-0.050887182670777,-0.9045424841435297,0.026573645950243002,-0.1972525633390417
-1.347229608733238,0.0253202147183887,-0.9582210838676742,-0.05155196649126481,-0.9415813810375531,0.037947638990413805,-0.31519512210172057
-1.1217445369268142,-0.004554532405875251,-0.975666215281926,-0.04847810648729724,-0.9804342091997247,0.15998327886445887,-0.2550318511199071
-0.8628244525405908,-0.09551530667444844,-0.9061446341332513,-0.16633278581815797,-0.8916650897597742,-0.05500174022003345,-0.3723185718931465
-0.3750624582801757,0.0304116407440366,-0.9235340340057515,-0.0448930732396965,-0.88843524098119,0.13833689873262447,-0.2436052720428816
-1.6565384993975825,0.02205200675762923,-0.958479764542938,-0.04942828285481368,-0.951681686455156,0.2525022330495024,-0.25106119115809733
-1.2369116224044867,3.327029478792028,-0.9499855035754922,-0.11342648876744114,-0.9442061286494275,0.2924133327867707,-0.42707408955642645
-1.5221760997759188,0.006607682395096051,-0.9333377635503174,-0.05310922267751073,-0.9475265105473619,0.18986800593509232,-0.2817350232769488
-0.9324545505242385,0.11822145132100488,-0.949477657933618,-0.046933395174395334,-0.9340128231071335,0.0542832234554089,-0.07511663825656052
-2.304629948275514,0.028965855430117888,-0.9492790311637865,-0.07434269225513052,-0.9266407501941213,0.056361025221897815,-0.22447363280521354
-1.5413794244169217,0.002655037056862687,-0.9358949944326627,-0.047663373880841464,-0.9215493715230546,0.10597766527506051,-0.24904393578862258
-0.9650226714195781,0.031077386182522912,-0.9511956863447725,-0.04204163316437295,-0.9193092486404977,0.19610817744308445,-0.4033409543580896
-1.0975459001520553,0.024868752803709978,-0.953646747165175,-0.05041917150859466,-0.9475764637920001,0.030045481232440573,-0.3559186931555785
-1.0918613183438712,0.011214213077357432,-0.8833381432160352,-0.06496864543594585,-0.8874094939833077,0.04792026140358721,-0.345631706745143
-1.1551700009595667,-2.039178849164875,-0.932558137678416,-0.3193891037341526,-0.9028239058228369,-0.13149355617122485,-0.490872429205311
-0.6525950919395008,-0.002224012747101882,-0.940964818279368,-0.044673089501471704,-0.9146789859437598,-0.018697934979705514,-0.3878749941437845
-1.3754319284734038,-0.002169856948474003,-0.9292410493246545,-0.06183494012407486,-0.9172998467165451,-0.15218914174491607,-0.08201743124141908
0.46720285842502773,-0.005011192878256848,-0.910343262312176,-0.06191150477794112,-0.9173456886724206,-0.026577983111605762,-0.22827205855253177
-1.4028935689348307,0.02193637319620918,-0.9409288989044402,-0.041612083424449754,-0.9212663655675185,0.0640892386061384,-0.2604476631355925
-2.5405792634588296,0.010011948303851706,-0.9878274534454401,-0.08678997206751017,-0.9773051524414685,0.14072044379017287,-0.29156430475629314
-1.148598200202489,0.029174295526134788,-0.960437364569088,-0.0694623073138141,-0.9347570909783067,0.0928494324317985,-0.3290853652574739
-0.8793436053933199,0.053014630309339734,-0.9489988438421382,-0.05332201112531021,-0.937044312336789,0.03736862097337274,-0.2943996696912749
0.1778974210637439,0.021435804227746533,-0.9374053693732339,-0.043321359095159405,-0.9111919552417457,0.13812193712319037,-0.14924554021282774
-1.701059333642782,0.0053243048599280725,-0.9548335099424842,-0.06695633768844789,-0.9046402435158173,0.185084596996163,-0.3489194491644433
-0.6853347926660016,0.03258008246089856,-0.934797858894311,-0.056558144871160114,-0.933972198802495,0.12465918480598073,-0.36501486126836685
-1.067717469901114,0.04115830254775547,-0.9633662304822926,-0.03674550922674253,-0.9641660337464455,0.17701374220891383,-0.350089040216138
-0.4943776870053934,0.008120976742215793,-0.9407303395515855,-0.051506471377579174,-0.9427880321251809,0.17685063490783676,-0.33311821186910523
-1.0555812043852348,0.00680851531905556,-0.9502263296507439,-0.06643156715161044,-0.9327042657764532,0.06415781548664107,-0.3773508737033799
-1.1909975193678368,-0.03772715340768044,-0.918234199724935,-0.08427794271166966,-0.9133082905502632,0.007144758988100177,-0.44323323001872816
-1.1563637443877106,0.030846399100886594,-0.9631117712013054,-0.05081775710249244,-0.9474367289658989,-0.0024848915044740267,-0.313176937848256
-0.45598159806799893,0.033188601731539036,-0.8960232950115188,-0.056077494137233945,-0.8997627233845245,0.2263363683691163,-0.22977564413182552
-0.470864700008346,0.026307414044357838,-0.9391290067198166,-0.053439999842492106,-0.9183735940479485,0.20652887376430293,-0.3687970870768285
0.08913570425499012,0.05843425420519675,-0.9477893735753874,-0.033036004122698436,-0.9196090206432903,0.22389172111326774,-0.2382486301217426
-1.1583332300034133,0.02017978904954223,-0.9365214410287434,-0.04872434787489517,-0.9300886566190869,0.21549573656360838,-0.27094734802829135
-0.8897916228677477,0.02718844779949866,-0.9463158142124334,-0.04208402873816092,-0.9380225532310029,0.11701790107473566,-0.325274944104772
-0.7158556362806474,-0.00576636546554158,-0.9385888367879557,-0.06765902535466878,-0.909998070830929,0.13067042339240423,-0.25532088447471896
-0.10280072333758786,-0.02344091337212275,-0.9488905757146494,-0.04991983963045186,-0.9321806386947222,0.07767718198501389,-0.2334558460723168
-0.5096022327302278,0.01801461185018656,-0.9486282125192131,-0.05901048974948702,-0.9209440644846647,0.11460240849360623,-0.2978396155172664
-1.466590231760312,0.015096474095439186,-0.9456211415720239,-0.08219432663371072,-0.8924918098507749,0.22390223153749683,-0.19551986145682995
-0.5209662999611357,0.0019800108028903505,-0.9583448086406202,-0.07007712791735624,-0.9351777817670426,0.20280149051561674,-0.3321982651983986
-1.1091101579905314,0.0247865063103535,-0.9412930888626049,-0.03490280572938286,-0.9306872143898359,0.2123546880957218,-0.2581116876743612
-0.7519557857705712,-0.02928188879716866,-0.9108038789707732,-0.05133668079978083,-0.9119033963811614,0.2548935587127752,-0.3010964199389817
-0.5169302507869002,0.023703837064000168,-0.9286436588001943,-0.044121511414899776,-0.9053396637301527,0.12932360240769655,-0.25700799800747526
-1.6674456417177244,0.019940894362574728,-0.941790136860763,-0.07688176785117476,-0.9373605849754426,0.1764035868569985,-0.33597302065010476
-1.2369227605746245,0.007089472939836716,-0.8589422499249213,-0.042393456350665444,-0.8424720601531966,0.1741138255367755,-0.33621867582480014
-1.340658110865779,0.018210283937993153,-0.9503095321159656,-0.04301282926213927,-0.9653583316640321,-0.01872368142274131,-0.47107857251032764
-0.6274387160263083,0.029387105525563076,-0.9238797955375223,-0.041491395123765505,-0.9236415619795754,0.2106966959829344,-0.39537006854282053
-0.3522767998830665,-0.08197808275847707,-0.781032684546055,-0.1943415755811706,-0.9035355060833004,0.11205502279096957,-0.3081050375999132
-0.8576288062477149,-0.08416070625500593,-0.935835021022777,-0.18507421040897284,-0.9287876167569773,0.013088615700331353,-0.29241972981658654
-0.2590877429945512,0.019909932500513813,-0.9126664872751666,-0.04293783198460761,-0.8845203366947061,0.1564515978233302,-0.2539002660106408
-1.4005247109648429,0.04701052645091302,-0.9314942046940753,-0.04534007048027786,-0.9051096090427155,0.18385764582738232,-0.36244882490923575
-0.6706705971426404,-0.0025251559337591484,-0.9483686297429457,-0.0599875095227404,-0.9386468006448518,0.15834921216705794,-0.28242666509467573
-0.9646599501264351,-0.03650431942465916,-0.9334777130430977,-0.05039893741567062,-0.9300222545360264,0.0868031280902683,-0.20567381277347116
-0.8395099547985174,0.05548898749419853,-0.9492339789491059,-0.044246802987479454,-0.9226901904535734,0.10373573152135407,-0.2691024244994723
0.28688567573042006,-0.005242295434601197,-0.9298908568591894,-0.08144300445139493,-0.9225419052109427,0.19117458807470095,-0.22492642595507867
-0.9189405197054274,-0.006917868355385397,-0.9675527689522678,-0.0715957707716979,-0.9484935777982518,-0.05884762083944593,-0.4487636908377679
-0.8086893197768139,0.022051576672110593,-0.9346381852627964,-0.052626932628153614,-0.9032291075356269,0.16671765309733688,-0.10612748630194564
-1.2808424460739016,0.07413218303360455,-0.9579446523639754,-0.040073002038385826,-0.9296353666428431,0.22626901400430138,-0.2765835878365228
-0.3948724277756644,-0.015419440525179785,-0.8547933909329881,-0.05022628422907072,-0.8493009247406058,0.14261971409079818,-0.4001544479865347
-0.9798514475653058,0.046323430582251086,-0.9200257086503021,-0.05899860644534192,-0.9029933902582283,0.11446048672352388,-0.3163786213295246
-0.8974677570365092,-0.030500737891927015,-0.936731056634032,-0.05541789936759649,-0.9176771822833358,0.15038973932645125,-0.2873009848238583
-0.6757274322557375,0.0042504367655992305,-0.950878346329828,-0.05086590842983431,-0.9539730473994499,0.12764445644669362,-0.2847991646796197
-0.2071916251893383,0.025927452115341726,-0.9496670723399873,-0.04330829299821996,-0.9430050959660354,0.04117717270912283,-0.22895977735759449
-0.998900441824709,0.02976741668962516,-0.9560213528410298,-0.04849962934912498,-0.9279871343187813,0.21482265163627237,-0.3668000023764553
-1.6302586817956912,0.04330808002478943,-0.9088219525504274,-0.05530304991967065,-0.8607819334030871,-0.043586628377752096,-0.15265125923621964
-0.2887954422548573,0.014341632461891376,-0.946267421838346,-0.05003508827371328,-0.9648047416930848,0.025444390106217955,-0.43802992315300343
-0.00953012477918041,0.014842825945195216,-0.8806285503201476,-0.04458787438489575,-0.8674089509538835,-0.0630593528385152,-0.40442486413245504
-2.0784348355009823,-0.017087501280251695,-0.9570831527764636,-0.059246023426993207,-0.9371004886179392,0.17585535071591044,-0.24613982163344514
0.2599446203278278,-0.0020210417899751624,-0.9771136815879011,-0.04132215215826916,-0.9607701993612228,0.33783546099586054,-0.32046812668406244
-0.49134128221617546,0.02573878227796312,-0.9348618767293339,-0.047386556715979106,-0.9183999365403752,0.1862318667737569,-0.22128601833854217
-0.55423592964253,0.010022703914525746,-0.9612129721907526,-0.061970524864477496,-0.9442472589419485,0.014323835210153577,-0.18037574970661346
-0.7916940524696352,0.02010557949245466,-0.9394969442243768,-0.0409953064088096,-0.9089072704806237,0.06557536815168098,-0.5846217718890419
-1.4749979706014484,0.019060762932267293,-0.9365309498877785,-0.05855074419697571,-0.9253277647312237,0.21313355348339139,-0.3403845237012698
-1.0472866189287129,0.0021014117305209485,-0.9942576275684956,-0.04435449401213993,-0.9684360538971551,0.18249636054261967,-0.3088440305521306
-0.7301102972718218,0.16037524835703315,-0.9180495071803736,-0.03794958608157257,-0.9236935294839332,0.24982098222594,-0.3224824372528048
-1.5558911190006037,0.041863482170643576,-0.9440487475582057,-0.06653989091846921,-0.9209150445845412,0.021185145698210728,-0.28251606164191967
-1.1583465024848298,0.026067345133257494,-0.9144747202009094,-0.047202206652496706,-0.8931860044899398,0.14190307049489762,-0.16322694405360372
-0.9579081253141024,0.013240071452897536,39.922938174518876,-0.0606605827980666,-1.3586956846947047,-0.07315700787515517,-0.4360982760565694
-1.05116894889583,0.029121302754363056,-0.9468391910129441,-0.05163504559732388,-0.929486128990711,0.04360977126095635,-0.2840068147632733
-0.9559399612634958,0.03418800624109326,-0.9405673436119424,-0.05068025147612719,-0.9286425571290469,0.08681329718150313,-0.2426510554425324
-1.5493430435719968,-0.000853361985605295,-0.9439716917289835,-0.06719358815471253,-0.9272238167814398,0.12280139480579054,-0.19267042026093253
-1.6151749361087426,0.02063710798581421,-0.9275408012562482,-0.08102638220203952,-0.9180144433235474,0.16430646932179854,-0.29176967439594503
-0.8601804370240603,-0.013771684492644497,-0.9133431442438209,-0.07573208303974724,-0.9162399974830057,0.11772249813071901,-0.26351864089767335
-1.505549893725636,-0.022017898936849516,-0.939060026762772,-0.08056351971976354,-0.9304103772201833,0.08728568134871668,-0.33766697134181867
-0.3188922244931509,0.051287858113032214,-0.9471650616627212,-0.04297755305350023,-0.9305029053007525,0.2423344638998158,-0.3855254234363165
-0.641416852861632,-0.012455158997429164,-0.9673669554086081,-0.08519452135365616,-0.9481779902357361,0.06944688336025207,-0.4376164447197008
-1.1609787283949229,143.19606512653104,-0.9532779222149829,-1.4160726848942886,-0.9304537341216245,-0.2657871922006312,-0.27362383397311096
-2.8269554110549433,0.005468150544508127,-1.003567229936897,-0.05730088195357988,-0.9940884715124724,0.2989155374445926,-0.2729737383778811
-1.0291820984068245,0.003995732869635239,-0.9505837415486137,-0.060967366028569524,-0.9482773326624598,0.15533951013600697,-0.47024434013229727
-0.7896815164118961,-0.01619792171273233,-0.9474878621752462,-0.031491297656449806,-0.9374804655231954,0.2541747821183842,-0.4253342454842493
-1.4492205083365226,0.027867719907825956,-0.9386601294497056,-0.061049457234056366,-0.9083359526671366,0.10578148455930104,-0.33648310352420724
-0.6272400901132985,-0.02323391203485049,-0.9540267294765734,-0.060646893986116585,-0.9282523037385008,-0.012604025246035868,-0.16242012317184595
-1.1750845743016556,0.038317975663857445,-0.9473597911259475,-0.04464437425037805,-0.9465984049146748,0.058161334765638714,-0.32393533694616383
-1.7016580673040549,0.029626313341968163,-0.9199992622344397,-0.04838188872768527,-0.9124343996252708,0.1782180427736122,-0.15464658539370948
-0.5261060447046851,0.0066077660257464884,-0.9431874228927728,-0.03877846448809057,-0.9199874443125495,0.1021414371104072,-0.29180280236513306
-0.3812310014955319,0.030690339411346603,-0.9490903950924959,-0.04499724077797655,-0.9322684205784032,0.30426167275753685,-0.22087412002226683
-1.457737162692347,0.04460172505051432,-0.3774594824912287,-0.04886627453541565,-0.9221956202677364,0.04007685799656157,-0.2221669430097666
-1.269319322694903,0.030636385521872474,-0.8973109840992288,-0.055696821248841226,-0.9024621136802634,0.1356899980202128,-0.18581761186424064
-1.414113266822452,0.0066186495938817215,-0.9550572447182076,-0.061463924888446396,-0.9336748852959027,0.29889191528750464,-0.1585516424934863
-0.9524735067672557,0.027145778828150873,-0.9292566644034418,-0.06286285808133664,-0.9169927174800254,0.2807502336180084,-0.15072543392900797
-0.9942200677667503,-0.0030428963448862786,-0.94074623017696,-0.09701855276917508,-0.9209200586644266,0.10640507745875698,-0.22051251157370774
-1.510212648651775,0.0036717806843863136,-0.9391560174431773,-0.05339237439360153,-0.9218293249956707,0.02212050326301569,-0.296985489439164
-0.9518443172731428,0.00860527482064115,-0.9392811384310277,-0.05367126629744714,-0.9212355886612512,0.2504714843245094,-0.23802612967999773
-0.34981950718896965,0.03617313309429755,-0.9587317924549382,-0.09105102140294517,-0.9593856284997487,0.11825247177971875,-0.12715993299920242
-0.8543692306105068,-0.07118796202511657,-0.9288915167786251,-0.15504775714442537,-0.930564700167133,-0.02629676247436895,-0.4326035542444126
-1.5088649890521477,0.022029302896080377,-0.8725059007214108,-0.06427577900432367,-0.88681776483506,0.04943314672272705,-0.2929500588576768
-2.4907827332068164,0.04049001517302846,-0.9454420331453068,-0.057064259559216124,-0.9405578566722219,0.17593564433060035,-0.3414747663150602
-0.9583227696339942,0.029152593787057087,-0.903413041741574,-0.04423656957265485,-0.8786993510872881,0.06859327898618922,-0.22453986673714485
-0.9838515554071643,-0.11556539253466097,-0.8978778879600303,-0.19424996276568046,-0.9002024556489492,0.06709010071993789,-0.15663506811287267
0.06546692500261544,0.007368003751502767,-0.964394275290617,-0.05914556179695516,-0.9373060174089047,0.09272213333395299,-0.2453869018990204
-1.0200961994950029,0.051321379696971245,-0.9385198799503005,-0.04379765508642651,-0.9106428467996677,-0.01671045023460486,-0.24458385921436435
0.14376132297951758,0.009987440729057682,-0.946065111431383,-0.055336391253407384,-0.9276631654509032,0.19601426763322383,-0.4699834285470407
-1.8044996984980255,0.06594874340986738,-0.9432690569677568,-0.049574294056196073,-0.9198197870903962,0.24734798264081678,-0.17006726898508373
-0.5637829737188785,0.01993536431614841,-0.9445936530714159,-0.05616070861366906,-0.9191838922913871,0.28289374591585853,-0.5178049412154392
-0.48060557028769574,-0.0001975729538743883,-0.9306613839291997,-0.06089363943199168,-0.9202288415819934,0.17469778074063452,-0.28756522399800527
-1.1725118647569972,0.07299845344189043,-0.9676249744485488,-0.032923014482365724,-0.9559939031480806,0.06531942722219934,-0.3747009030987415
-1.494241689997059,0.029442334174524666,-0.9163968662899225,-0.04793389928425749,-0.8837964516795604,0.037578473930609625,-0.16451800105539596
-0.3707109877846457,-0.010258028968640304,-0.9715320696793157,-0.04529831721784617,-0.9423789178511331,-0.1843266071561826,-0.27896048895254266
-0.5115073826762626,0.011215855297485042,-0.9433184155068524,-0.07209330878532631,-0.930025205755305,0.05465917046450381,-0.2604943810233177
-1.3257640235849344,0.03267349099838958,-0.9766158673799642,-0.03611646187428577,-0.9612387557205058,0.30088054550810034,-0.2271794230683824
-0.11624167072501794,0.003120590705225484,-0.9209702887885536,-0.05582120445755926,-0.9061959328324626,0.05811281480407466,-0.10194726648285352
-1.113677527766136,0.012255098820667642,-0.95110427102989,-0.044671101337392154,-0.9413809390221906,-0.021179849302155725,-0.35244984640522214
-0.8941296318962274,0.03257660677606983,-0.9573266211127579,-0.028313833637356345,-0.9263753613876095,-0.11905735873585464,-0.22832312139818253
-2.5089885078139855,-0.024978447780890197,-0.922183642146228,-0.10615538935815443,-0.9158860664161428,0.029962187490064296,-0.11835352330536454
-0.9595482714415415,-0.016068656429050115,-0.9690512472918006,-0.047950980874213026,-0.9565271356304185,0.34991954740509135,-0.41060520494562236
-0.37671486620551453,0.002692072319583161,-0.881617034658052,-0.043024660648157076,-0.9198301721835991,0.14554020974236598,-0.44104652793177296
-1.529979610778882,0.02953782937719141,-0.8894812808716916,-0.04637319612331603,-0.8827869092632524,0.18153416335527534,-0.33201699359785714
-1.0794188162834712,0.04231408803221439,-0.8720398999252017,-0.07204786836704687,-0.9084124829585071,0.03604674616074143,-0.2949355884990087
-0.04022752376761885,0.04374440914852373,-0.9481118058202881,-0.050448314460220516,-0.9200610374104747,0.1683613942627773,-0.2629696554684744
-1.2441174240882467,0.004588959273885324,-0.8883527450873822,-0.07075090168010921,-0.8828549279362753,0.2541903748976996,-0.2487272601382394
0.5178116357690309,0.019847010293685918,-0.9628317099151263,-0.07506491268702799,-0.9535087217493031,0.14497965780436997,-0.41487464525729295
-1.2639420999187114,0.029481974426959413,-1.0322495821006241,-0.04452791609505498,-1.0377180516216025,0.14913755514542015,-0.525063369952
-1.1668006918473457,0.01617185722793595,-0.8656330751911294,-0.03465106914319347,-0.8496665896307057,0.06779888713706525,-0.16120324551596238
-0.2647917613855718,0.03660728616623218,-0.9375529990912527,-0.044379232523138766,-0.9059873568927608,0.13051794865653543,-0.33307614712694233
-1.9250649292774744,0.013609210939221046,-0.9532314952435332,-0.04315207662056363,-0.93210892080209,0.1913073484237887,-0.3346184637779999
-1.3949424914479591,0.013239375071027423,-0.9936790369785005,-0.061306497288900204,-0.9732087335805946,0.10081922894114993,-0.4204725551921215
-0.47389825295413174,0.05941510010379334,-0.9539834885281799,-0.03307885800406343,-0.9368231784805798,0.10292724246389995,-0.2716362375914853
-1.351729277643236,0.006613410631871085,-0.8513199794582808,-0.0826910445381022,-0.8440022777095233,0.18519587052592795,-0.2693933014415009
-0.615450540178413,0.03659025508940246,-0.946234218830848,-0.05414938275196992,-0.916544339375788,0.21393565746277368,-0.3361445694171099
-0.955785318336367,0.00019030349243292873,-0.9448024552191311,-0.062287193657895944,-0.916894037673958,0.08767417687572704,-0.32460059657007767
-0.002815071488680405,0.056329586301241706,-0.9290697505415605,-0.04814822570586019,-0.9137377406886328,0.14633994089411706,-0.3408569524234845
-1.0777333879073616,-0.01519116259269997,-0.9558536809529005,-0.08697140952969551,-0.9410728248509973,0.25128402796452054,-0.3903517029502871
-0.4049152072520053,0.024677698150798056,-0.932847155906355,-0.04914820921194624,-0.9285757209500294,0.17689733397137408,-0.34259242514906807
-0.9075347279475706,-0.03612927526594517,-0.957234747468163,-0.13655430709358063,-0.9425657867343623,0.18003258057875368,-0.17589741745733148
-0.9169443830564442,0.01132615977233679,-0.9316999595134915,-0.049377362860174336,-0.9040792748848517,0.13662116442472075,-0.5082221242622936
-0.00808402923881229,0.011557929576877684,-0.9352116394134506,-0.05266378153648761,-0.901862940024858,0.11194972850048902,-0.2518025209173482
-0.927941888684943,-0.3530263456160429,-0.9531562846049877,-0.4624467559649989,-0.9240225148556303,-0.23490746838169513,-0.1541586759102795
-1.630973671530337,0.011746646692920405,-0.9489187391249785,-0.04086660943707141,-0.9392215382653075,0.09352189345566823,-0.46769972797069354
-1.4564174734932056,0.014904854129891548,-0.9431865301067837,-0.04478621638320857,-0.9216089907971093,0.04911115191594052,-0.22985190839651418
-0.8986755104203434,0.037151077578578356,-0.906377048358518,-0.053384394161875265,-0.8904723990016359,-0.02938117750615576,-0.2061197787816076
-0.8670428956886789,-0.036968703962113415,-0.944943256239858,-0.03664338901176828,-0.9320460858849567,0.16947896617691016,-0.2674080329260007
-0.5346679694609028,0.03531736600938561,-0.9532075644618065,-0.039889807735083584,-0.9302932462251665,0.10587877134443512,-0.16540712292585727
-1.8760908484158045,-0.01715226442139472,-0.9359045966465972,-0.04181989363103473,-0.9099058646470585,0.27532880339996146,-0.2818051623911536
-0.9181861472485734,0.03608546580587811,-0.9271232000876425,-0.0518624193236995,-0.9105294757532564,0.16046745015023212,-0.16229936329466949
-1.325882252453027,0.041830165625444775,-0.9336028991471466,-0.04930638921509583,-0.929965788076168,-0.05631520434107039,-0.18416069714995512
-1.225626882777216,-0.022411306657447606,-0.9311278165855738,-0.07226441765813436,-0.920956119536893,0.35937203015924585,-0.3239158740438793
-0.6290524281669722,0.045778555968433485,-0.9184658850069466,-0.03470315682849881,-0.9122305887173423,0.2522246738272469,-0.33969205887416754
-1.7065670574819216,0.009437117582396754,-0.952130644939212,-0.05770053217714368,-0.9394759521017187,0.28570826375029246,-0.32123413624956404
-1.210977250015325,0.024540802690139415,-0.8220134294444695,-0.05340870346331919,-0.9207532414270707,0.22074004693946592,-0.233996932615137
-0.5927529006515407,-0.0682294738742537,-0.9323126613242314,-0.14818427677803378,-0.9271075767170527,0.42248933578066494,-0.3761554318510614
-0.8180896478660025,20.898008892623924,-0.9320564112423323,-0.6867322552566046,-0.9358606731999229,-0.2831454416064712,-0.34390346331842286
-1.8342723770727785,0.006572389764751155,-0.9364253045720732,-0.050171615450234706,-0.9011643260681694,0.10095896499555089,-0.2923810193510372
-0.5819660015897334,0.02319314878382082,-0.9295911057386173,-0.06059118203840746,-0.9144598550765429,0.008415357247401384,-0.40865731462412297
-0.22334886578219407,0.04581692588167213,-0.4272901439826854,-0.04981444623921873,-0.9483951433980512,0.15739047082250904,-0.26136915315612896
-1.3027772780985285,0.006161879202066788,-0.9141828207686155,-0.04112879818288182,-0.8948287339323377,0.17410436645115146,-0.3026767018203724
-0.5287595960316245,-0.04366344285509642,-0.9468938904682511,-0.08718326403182397,-0.8987046795635456,0.0452089202979054,-0.30642312428716745
-0.7135567326178694,0.031086375709436426,-0.9383958709449637,-0.07386903541084507,-0.9351704124183157,0.08508953637668124,-0.18281091454865311
-1.5561372580605206,-0.01713085522054076,-0.9598648109863324,-0.04143365524804799,-0.9666294868703185,0.18934421066711635,-0.3097257475104812
-1.7693619521906145,0.04035396855215153,-0.9489546818215332,-0.047552635374908656,-0.9372743731654347,0.3359760432039934,-0.3216370561168486
-0.5020222152011192,-0.1340054370152881,-0.9267817609705888,-0.2281497711709823,-0.9449565661746219,-0.037541379712444735,-0.18157034223479288
-1.6854641029262054,0.0007632166831238667,-0.9321798541361643,-0.08912547301385668,-0.9003479676312633,0.06090541772142458,-0.2690359891845418
-0.9796272596379292,0.006192322001106985,-0.9312786841983547,-0.047647289333122324,-0.9150801790991707,-0.018325994696789652,-0.1957861443516078
-0.30970378785795666,0.040779199267000334,-0.946161214007684,-0.052307021289671324,-0.927276822496822,0.30917775691995464,-0.4103134184383382
-0.5767599599992658,0.004198501970161518,-0.9701988648880537,-0.04976765587564084,-0.9463614162999389,0.1343614628238368,-0.3738623081352129
-1.1444682320200243,0.020953889885451885,-0.9662784525464866,-0.0526864574549147,-0.9459494173642828,0.1736013261468309,-0.455048152929154
-1.3327344854173917,0.017141854197347883,-0.9376813501635507,-0.04335550324303838,-0.9037526833137014,-0.16802472622543985,-0.4633453755379167
-0.0864809185374172,0.02644669606465355,-0.938176748628087,-0.06858263458049339,-0.9259935586141835,0.16068173244637804,-0.3359132411540629
-1.03536056243021,0.0423069518967665,-0.9720856994761315,-0.03867136922516442,-0.9475730749329644,0.154610585002796,-0.2678661177521976
-0.9672058089091948,0.05217226155386872,-0.9410868103433325,-0.058724864567617406,-0.9346618199716448,0.16916021473674175,-0.506517622372205
-1.2350162872659893,-0.10590901198442627,-0.964868908360706,-0.21252926205957898,-0.9485234243524396,-0.04944597932396592,-0.38223001281986135
-0.8808573944369394,-0.4603075953065501,-0.942055517595973,-0.5322975128917176,-0.9090349141377534,-0.05686513348360501,-0.2161897854627873
0.21150829638397262,0.039853341105834605,-0.93291142781311,-0.04715538279854386,-0.9122733653547902,0.17026819166857143,-0.2721252273262926
-1.1055994629678414,0.016594873801460807,-0.9492799068788449,-0.04825526632893742,-0.9376398315248002,0.03672309356548143,-0.3410577098321974
-1.6218137936805819,0.0020318603574383184,-0.9488430299582578,-0.05718371572352158,-0.9381491433293595,0.09303039408216587,-0.2535067192197748
-2.2902934677168525,0.019330634059815863,-0.9225657929222039,-0.07607905716231259,-0.900199661614341,0.2779178803554686,-0.3406104667143566
-0.8061740052430546,-0.022340073789386607,-0.9393166028166523,-0.045555880367510584,-0.9320530446054026,0.08664692533320079,-0.1998482433922239
-0.8547456103544555,0.04309545260733987,-0.8978147475911008,-0.041759867791298574,-0.8877506360928992,0.06932204672893,-0.2622776077854254
-0.03231189218828623,0.007016072772387644,-0.9502367921868022,-0.07232767810666811,-0.9269239688145566,0.03873336151997649,-0.18500210573205939
-0.8791547206643688,-0.014344798969307779,-0.9438589268311677,-0.061820797245978186,-0.9196913810401819,0.34312034087241206,-0.150626808662008
-1.413390859385829,0.03649521095217712,-0.9230803667689649,-0.0563356921090788,-0.9215156352775541,0.09018606622188037,-0.3858045643817034
-1.4204416234218555,0.038357616536173596,-0.9425729841169465,-0.04921656927248626,-0.912859321738424,0.15047937005045434,-0.17648207642104255
-1.2187829222386517,0.01244986871242482,-0.9635184799881341,-0.055499999876245466,-0.950934861811532,0.019492884718696847,-0.23669135076979483
-1.430461493289988,0.02588020561103344,-0.8149871930325205,-0.05197615200117598,-0.8172659314447598,0.1028768048910406,-0.24815690272626834
-1.048962800464933,0.01781727130898411,-0.934403909287326,-0.050604396166960025,-0.9233758990275942,0.11964289160321556,-0.29891203580158204
-0.6983726051305031,-0.006374015668288824,-0.9337223873323734,-0.09088426449903975,-0.9289486792446225,0.13590063047915532,-0.2528191605434514
-1.0896666282570626,0.04161486094940176,-0.9265224616182769,-0.05648992331955451,-0.9204203762635443,0.04288220551193324,-0.2708032379627297
-1.9147834754334812,0.04022773234596243,-0.940330161017307,-0.04211066080480743,-0.9185391569679887,0.15004707096839592,-0.4673617356753512
-0.13268169838948296,0.022971205820293106,-0.9229946336092859,-0.04777543369495894,-0.9066204669218113,0.23923259952870812,-0.1826799195582079
-1.2728445373042265,0.04839697612324076,-0.9656151372409687,-0.03436052733493224,-0.9531976919748214,0.12058920678956789,-0.3785726214667449
-0.9568487026472132,0.039659123323589916,-0.9498709881128118,-0.038452253894211044,-0.9076659179134201,0.10083951279548845,-0.34330351168011447
-0.6067228430710917,-0.02605197364779107,-0.9403992661953156,-0.08136638811941593,-0.9503123613836785,0.14564137615739475,-0.3486048440493076
-0.43235269979659446,0.0032067179175976263,-0.7513118730278591,-0.04557873349376475,-0.8993016215335425,0.3462771794600648,-0.24461166423011696
-0.9052190676373324,-0.0031067304616496047,-0.9269250052454199,-0.07016106918086086,-0.9282833992441791,0.154960150768194,-0.2583695498033165
-2.3384371987467056,535.832366384686,-0.9531549145004454,-2.081445290932798,-0.9293427478499153,-0.1728798790758893,-0.36023308060319587
-0.9233869458104402,0.10567104821337996,-0.9689660151303054,-0.03367526660470546,-0.9435956800691813,0.22838343660358165,-0.2430656930598196
-1.4737528499529726,-0.009925866005710035,-0.939965634889126,-0.058418854746052476,-0.8915860640160705,0.17501250009446215,-0.26458906294071616
-0.1537726149721493,0.03593268084161795,-0.9338362186036462,-0.06414965278831557,-0.9227347791281542,0.046192627402478995,-0.2556367000584048
-0.6829597927040264,0.08145053616090403,-0.9412426895281026,-0.0462659304926461,-0.9211034719011061,0.01963872730659886,-0.15634881815045315
-0.9114859374492159,0.024532865833520753,-0.9655948715501259,-0.05439495616494718,-0.9361555291849372,0.044490054610894635,-0.2962244541505984
0.09651678730724615,0.004742640268098676,-0.9571087713585551,-0.03845659324726925,-0.9247563722897888,0.16209884531407584,-0.3418798484175998
-1.4877849062840978,0.007338940333273246,-0.9367514968357943,-0.05881357585206013,-0.9171970073897588,0.060142155115334876,-0.3925189991367586
-1.0542868132582675,-0.0356115976734967,-0.9243488475531675,-0.050924637632333174,-0.8961512843027704,0.09703566698601657,-0.15860450541788948
-0.5573969769205378,0.2500108468252745,-0.9714461829301935,-0.04208560049638468,-0.9588256636749266,0.2164375468030195,-0.44991933403258627
-1.4366981736168494,0.052251483035864126,-0.935706902240264,-0.06622940713900788,-0.9200591794172315,0.016741293810509,-0.2947293141364423
-0.12206021169539982,-0.002268622611495367,-0.7975075665183722,-0.050515410477189264,-0.8575031074337338,0.24959650571594708,-0.35820266486303376
-0.7754267226115968,0.009233775798836916,-0.9817885807508744,-0.04129577524897003,-0.9700765534377507,0.2667704936925617,-0.35952013657075643
-1.172110038772862,0.017512801552038004,-0.9137319539112843,-0.0653797732239085,-0.8875358483067758,0.15763950726302856,-0.36876911295581216
-0.6543414889367871,0.05712072578998447,-0.9433606416167161,-0.049768159540142874,-0.9200695861094751,-0.00860950824845343,-0.2620532476274826
-1.4077613736551406,0.005960375582508656,-0.9586063933099105,-0.0538069526512995,-0.9341877419284721,0.23111933158945755,-0.5495158466238366
-0.9096665441050973,0.04158690735095231,-0.9442030621818072,-0.04907274359888781,-0.9362612712368584,0.03052132451554381,-0.3382001991732247
-0.735696952911092,0.002227288853814527,-0.9434771721817876,-0.08433542433920327,-0.9089963487124442,0.08353307532355862,-0.33613220758669554
-0.6502808252374088,-0.0006303932749609468,-0.9444537270839619,-0.04514469377541574,-0.9315228249793756,0.12865968291760835,-0.25921767260445
-1.5970281309310868,0.04799820876500326,-0.9466703836024394,-0.04607652440236379,-0.9169124123993,-0.02832755210926979,-0.2744980978859876
-0.21771928304566937,54.102876667473225,-0.9386977479701106,-1.6029335073889541,-0.9196352607436894,-0.41737038934720966,-0.3871205885312187
-1.406584890879272,0.031037282095492245,-0.9391877608954171,-0.04677468336842771,-0.9337604259913307,-0.029112180938155822,-0.25497764886596125
-0.9056880788942754,0.00785558838608161,-0.9576729314656914,-0.056255498306626114,-0.9276858924021353,0.1635159105940237,-0.26899315826512943
-1.0151421465494417,0.07205624511599658,-0.9504464404118248,-0.026700211600073014,-0.9174726116185576,0.046025072844393895,-0.395960890208818
-1.8905573864629335,0.028192554228361505,-0.8921753321905249,-0.04879248655879053,-0.9239373012664002,0.18003412853086645,-0.38393378300140363
-0.9650009715947839,0.019802074725226552,-0.9340105040456465,-0.0490203606565048,-0.9136075932800223,0.15833151877114937,-0.2501262042599358
0.18561712538295932,0.008744934549821275,-0.9147894426111381,-0.08034972982712374,-0.9109338003030294,-0.16285230301901624,-0.21597031564790772
-0.39173643880154996,-0.1402370652106894,-0.9408211762382647,-0.038953482352949806,-0.9019365535425341,0.20456899430093542,-0.24169729530553014
-1.7418030298444687,0.05762965573924773,-0.9501614605213069,-0.06927500283905487,-0.9094009841151051,-0.06557877880194034,-0.44213902181076625
-0.8649746122164175,0.06474987120355324,-0.9486203081977702,-0.06269630800884966,-0.9206405669159425,0.2751213693386627,-0.5646422337431521
-1.3272527844946334,-0.02377010381142669,-0.9628057443240745,-0.0516608075542501,-0.9600038551158782,-0.09766079971854977,-0.28479840113506366
0.3870530502176339,0.020608231002054396,-0.9344719943239791,-0.05373048533035866,-0.9285638715900763,0.09958400626034743,-0.2721032502014156
-0.7742470231458266,0.028045117415260765,-0.9524227382565432,-0.046206104024477786,-0.921378555867594,0.10121236224835091,-0.16585234593670883
-1.2635048714675976,0.059628267131462576,-0.95455787725139,-0.02407066209032322,-0.9464831453737279,0.17375061574858247,-0.2982964781999084
-0.6026475745462019,-0.009663454236957648,-0.9948890147040624,-0.05319536129775657,-0.9591920400563663,0.06070627161951965,-0.21676909957444018
-0.42261723043922145,0.009839078182346703,-0.9396113166045714,-0.04020018852533745,-0.9228603424078227,-0.012067474830205446,-0.3963243118759703
-1.1662941454569826,-0.16638970725068378,-0.969639817407537,-0.23114534412310458,-0.9548209912446152,-0.02249006710266389,-0.4692905958079984
-1.3259395746051337,0.008352574899435252,-0.9426701310460546,-0.040470303281134115,-0.9345428745229903,0.26657392283423437,-0.2822610277968768
-0.49843085970367773,0.05447123722164297,-0.9384181676297665,-0.04605096864773635,-0.9107756753433892,0.20796934042062712,-0.3175866741330092
-0.650184355394367,0.02831510083669349,-0.9566521595277082,-0.04648489266947538,-0.9144069327494126,0.15348586678604198,-0.2028756220878132
-0.2679620424237766,-0.01872292719068453,-0.9341529652076099,-0.04223250259693421,-0.9093580021728659,0.21423777585403997,-0.3043960470792194
-1.108404178542472,0.02223351325133838,-0.9283689604325199,-0.03257049971722494,-0.8666765950113774,0.24933376673219476,-0.26011768254985873
-0.7368816638658297,0.33429454543695336,-0.9622250770074527,-0.038004572839407794,-0.9352259960702684,0.1034001301101423,-0.3693743631664308
-0.8058975003012755,-0.0018061482279855205,-0.9473475126807934,-0.06784230039773184,-0.9312119780432911,0.04116815656759754,-0.4261808060597761
-1.3746401617732793,0.013195391824948572,-0.9563720363375133,-0.04639705496697765,-0.9264898569131755,0.041831062580385645,-0.22620728559075692
-0.8755570100231054,0.010953098828790775,-0.9321898334734319,-0.08318623131482503,-0.904226364394599,0.10256289655013676,-0.3135943875012435
-0.9112000941041327,0.044941861230531524,-0.9351185752849983,-0.04288654639739907,-0.9306178256307672,0.20379068629365846,-0.3830567498731248
-0.9086017649304856,0.036066337039178394,-0.938153140416958,-0.046071485436515645,-0.9271804646089377,0.033636110251247214,-0.3530932261539404
-0.8203222113033671,-0.01992828228348927,-0.9551798887933534,-0.05499225840954229,-0.9371903751687467,0.0640550942517193,-0.32870295779674646
-1.202648147350242,0.02791341005574099,-0.9265676522994535,-0.046847622858204825,-0.9175622197073316,0.1393783823813945,-0.28003579425008557
-0.18379212343650392,-0.00024078462852870883,-0.9710131715067956,-0.054374952158896456,-0.9655930142704019,0.18004082148624467,-0.33334689208955287
0.037474402311281955,-0.1946218085240357,-0.9364122882370913,-0.27444438630964924,-0.909194923874911,-0.11940191014872333,-0.1737573268674935
-0.25530199317560237,0.013139247130264464,-0.9513684168096314,-0.0517485588902958,-0.9185990586111898,0.036380760783457616,-0.3300438082442539
-0.4798657884292716,0.001306040737399882,-0.9336372588222351,-0.041107804657667224,-0.9239691001934301,0.1315347151797223,-0.18436279088529445
-1.8523855853774756,0.03271372548154872,-0.9939473635454632,-0.05101762340728205,-0.9739226827440784,0.09159225841431046,-0.10451568188193916
-1.7069128255623167,0.002366422438810891,-0.9508355878041351,-0.07996223178708359,-0.9297483542453432,0.033434174055016364,-0.4039690069480641
-1.8601034525205777,0.03476868749539306,-0.9278694921010052,-0.03847812969739258,-0.9130108403539319,0.24729539363397884,-0.3217932609247615
-0.7467921148619392,0.013081491479753238,-0.846217743657575,-0.07079860282929115,-0.8486551134646959,0.11328506557626232,-0.2738254618590652
-1.1463278724718156,0.0019378008286899122,-0.9302737846483872,-0.07006094217372588,-0.889206172494733,0.09625604009991778,-0.189064636002152
-0.5572854935973631,19.504313787617555,-0.9399842237331163,-0.19777572467382312,-0.9376147877357656,0.11608749080453679,-0.20458686508173896
-0.20236964598337523,0.009859872532925735,-0.937400875210525,-0.08392467796613821,-0.9345645035676095,0.033303678309992334,-0.3085742146239756
-0.7160003113389349,0.01964354157625922,-0.9503414600825445,-0.056529015662573213,-0.9276576393531198,0.21170875446220289,-0.5046203207330815
-0.61182770454621,-0.005206231826615289,-0.9480478543898245,-0.05357309971799387,-0.9252417201859001,0.1461251001474055,-0.3431935090741683
-0.8068032896752529,0.020374102934949543,-0.8681636626612314,-0.05063887295615186,-0.9229082266728339,0.1491925350424455,-0.41653625773897685
-1.0103726061860008,0.023038759773532203,-0.9159624743435911,-0.05737086318911374,-0.9113726280177391,0.09670734316799919,-0.23644536752293033
-1.0385385419186821,-1.2885252742285005e-05,-0.9378117189664888,-0.04295460045519234,-0.901114480318176,0.106511576632773,-0.35331637451490333
-0.7718346377538777,0.7855003181743141,-0.9502515193794244,-0.07221742662253114,-0.9352482338305801,0.1484948527931523,-0.20818827006906743
-0.7746062378053343,0.02016965669252177,-0.9289387192815082,-0.0727572665473544,-0.9028608275428842,0.16629323635138382,-0.16671697075381434
-1.5067260807408493,-0.023031239876331867,-0.9634284302243861,-0.047884654751282306,-0.9599689180713765,0.019460555672839212,-0.3003566775583087
-0.39432875271962936,-0.030942561738304536,-0.9387403606677223,-0.05166033449718169,-0.8985937863546449,0.19651917393369706,-0.266688033862784
-1.1403662486599466,0.007569863882778259,-0.8967797037796339,-0.05255031293221948,-0.8710771911869069,-0.04546150590687614,-0.1765263683960353
-0.7895564166598364,-0.031142295372719613,-0.9973417308971042,-0.10964367203837593,-0.9917031724039072,-0.01699960858714334,-0.41393429842207996
-0.7284610344941284,-0.049872683092618525,-0.9440792980700027,-0.095513797064579,-0.921446713072649,0.13963935321932067,-0.32089176844220224
-0.7865243960286177,-0.007158085561231535,-0.9491270947925173,-0.03499614253599267,-0.9467131156649986,0.04005803232156213,-0.4549831467142403
-0.09332125350704723,-0.03985071210683428,-0.9398594043962161,-0.08010266789020888,-0.9330767535558374,0.05251618577637725,-0.23803295409353378
-1.0359555161958016,-0.13991022451729632,-0.9397442453448528,-0.24086437567869373,-0.9332550864099994,0.02759178076641157,-0.42496832979689275
-0.4927286120929877,0.031495745228833805,-0.9323112832711256,-0.05457609382874703,-0.9210243972610997,0.06696979117870058,-0.25948624414979443
-1.4250312391585558,0.03200510082858495,-0.9370538828328169,-0.04498587948118666,-0.9196303416126506,0.2319621842991551,-0.4149906743617649
-0.1028711202903759,-0.004562823174317635,-0.9521119756898461,-0.044451136069369845,-0.9203526063426484,0.1282554973670753,-0.26532441831953374
-0.8444155662686045,0.023489574640131763,-0.9655181601897249,-0.0771964970099936,-0.9527895079140724,0.04435046505000268,-0.22068593878380577
-0.9158542462932362,-0.024806904263884943,-0.9617418818956656,-0.0474084867444654,-0.9253383213447828,0.34116643972667704,-0.3321564021662097
-0.7012509147295493,0.007268793568262371,-0.9565248938701649,-0.044589355111188965,-0.942657844736738,0.2769103929013599,-0.31132438907153864
-1.825508348627864,0.006039859583727407,-0.9565266714975521,-0.0785652741659491,-0.9268742241825477,0.08995554941195241,-0.6287963687370596
-1.6873776971765118,0.013405180695538099,-0.9398519444455855,-0.04763036880277375,-0.9160972559455934,0.1884450146644121,-0.16679609827563627
-0.7950557950604161,0.031083497426231274,-0.8922105612921855,-0.04605527902601834,-0.8709550020451451,0.1066513509602837,-0.3981490371914758
-2.700365074231328,0.02706446698179771,-0.946265137345347,-0.044015637407387745,-0.939780867165079,0.18440434705795086,-0.25226594262063584
-1.7954475855342624,0.02334981536868979,-0.92244314909359,-0.05038040978546871,-0.8883626032081232,0.22160593381173974,-0.28200765362001823
-1.756716395079966,0.035107545377455536,-0.965625048989203,-0.05883309198546935,-0.9386975886695426,0.27098147010232726,-0.48228481116727373
-0.4920052562287059,0.021394168149036462,-0.890520330644165,-0.04451228906814754,-0.9182038948187192,0.20521253838891065,-0.27357309458824786
-1.7583708325123826,0.035921577028465365,-0.9677046190387506,-0.05885764227891514,-0.941002684106218,0.21139330440789955,-0.4566731408955536
-1.1174215387067221,0.007836519995440869,-0.9430839586611385,-0.04751224197251518,-0.9262909684181982,0.1272027224927171,-0.3542693597983348
-1.6335160324864029,-0.01971918360478615,-0.9553380482271592,-0.0775907899568737,-0.9232403525020193,0.003187316964692616,-0.18885732417728063
-1.168820869981308,0.07807933866198426,-0.9111250623371233,-0.05331682814563492,-0.9077591596477638,-0.13306774968733037,-0.421527860121775
-0.5564616725858585,0.04176851829212292,-0.9248014437629205,-0.051313664240397204,-0.9033864430466778,0.14332022936887076,-0.36162992738593774
-0.6988204302873128,0.029972578176764183,-0.9428539080478743,-0.057481365891229826,-0.9128936839368256,-0.28264555113075146,-0.5178965994437779
-1.1472743210335006,0.027412782640427815,-0.9413754607771266,-0.03858540619639547,-0.9348041340971786,0.0901288770762649,-0.26845102427306006
-0.5603674430769676,0.014742470559004328,-0.9422198799947311,-0.0653756343807472,-0.902192686230501,0.12671842942143335,-0.2808180051027009
-0.7130613271208783,-0.04679326661942545,-0.9469567396512667,-0.11658922045377965,-0.9337807934238238,0.04136337237898005,-0.2817739682668657
-0.6470156085744165,0.03254055132673989,-0.9345977499415602,-0.04138541879819213,-0.9156095819450499,0.221755889365265,-0.16467663033359856
-0.6049633200976655,0.0326103053362216,-0.9423626218960942,-0.047830779871257785,-0.941962120255525,0.24433274312061623,-0.3148498461962858
-0.21118685568881324,-0.053183026798755334,-0.9123732244075106,-0.10155522682007152,-0.8929528355268941,0.010503355719834765,-0.23309385305585623
-0.11311563594308235,-0.019414164995079565,-0.9537887739574877,-0.04199241562105142,-0.9305778057116124,0.03786567598501107,-0.25169167892874594
0.2633710448179272,0.03894500602384289,-0.923665649672729,-0.04754018326682365,-0.8937753696343468,-0.10691573879371288,-0.33129765601482764
-0.627338000185659,0.008322548050308272,-0.9455634700156692,-0.04760682244110845,-0.9305011342877374,0.08859718281731135,-0.05257178937126668
-0.18609617574864976,0.007277573324731163,-0.9433069746028919,-0.047783398766309645,-0.9136350744522361,0.23813675751382274,-0.3885851590604948
-1.6046668075492458,0.012707442250960932,-0.9370210266487993,-0.04832734614673682,-0.9268684221685998,0.21280053463351337,-0.23099197375586944
-1.5090258288941392,-0.006953822133451055,-0.8879012168265078,-0.04260482958288089,-0.8887593389715607,0.11419172940538093,-0.17508201245388663
-1.1929830051847141,0.03861708665666646,-0.8994255552459129,-0.05502528866819218,-0.9044599852326407,0.17591958190179172,-0.19170259918405522
-0.8487093380779968,-0.01863343924388575,-0.6709277559707832,-0.04485583563437944,-0.6828633282145089,0.059989744947273486,-0.07989712831772187
-0.4970565060363634,-0.010757808891373033,-0.9779079691824192,-0.06287077369639522,-0.9713123241610829,0.03940055285435103,-0.31470129632521054
-1.0292769509805204,0.0141460470802797,-0.9352190610729909,-0.048265908168402406,-0.908344114937693,0.08960635859477431,-0.27609659128211933
-1.2043065246958742,0.0008097597146502888,-0.9354180005208491,-0.04891296118844746,-0.9134961284069972,-0.045210332610901086,-0.303290532984864
-2.067763109585576,0.0028826266608325563,-0.9328452467697141,-0.04723371539128333,-0.9224545535446907,0.1640151756866036,-0.27764809202998575
-0.8680947182696743,0.0012997754885222352,-0.9258969164122782,-0.058479847992205396,-0.9195189683077007,0.17788989413555742,-0.30357767353680776
-2.4503835912602234,-0.17608388755420987,-0.9429933212700908,-0.04031299012012016,-0.9349489290037113,0.18708326762190647,-0.2782239876124443
-1.6895379159393369,-0.005482436284635448,-0.9280971092476159,-0.05112279935348852,-0.9004868103957385,0.28279831681632195,-0.33744960397765145
-1.062393086905014,0.009626047461248132,-0.9482862032484028,-0.070475837903561,-0.9371906863530991,-0.025631237005384003,-0.28168153606227836
0.012532695698936185,-0.04728655873403091,-0.9370074304674775,-0.07874214920571171,-0.9158638858214246,-0.17440004741774842,-0.2640910569059088
-1.8820212825319156,0.0209715001725565,-0.944235907552916,-0.0488287493945487,-0.9051593188906152,0.13505257008879878,-0.14650942224682495
-0.412300961338033,0.041411025127281696,-0.9557549486838232,-0.043692220103439365,-0.9422479170543339,0.19244939862693905,-0.3185222136502245
-0.11960927401647845,-0.001810566665472295,-0.9344912706147169,-0.06469911625632593,-0.935568022331865,0.0839365799002161,-0.3563784308779515
-0.5473225065854274,-0.04580142173803225,-0.9424073496951632,-0.11142785766499606,-0.941415965539946,-0.09492556681541926,-0.4284234193693404
-0.772700668984157,-0.015496479417428852,-0.8629089735575926,-0.04128432813302911,-0.9634423060011531,0.40317044076487707,-0.13035606953003834
-1.0704834389940017,0.042769506306007204,-0.901933211851419,-0.057683763479949496,-0.8804955917336593,0.05659968969960012,-0.32399869070302617
-0.5449478552833696,0.0071252282570633705,-0.9006906053433383,-0.06753572935345872,-0.9100186267997584,0.23384411315818943,-0.49010704594261584
0.3376417931483145,0.034651846833977214,-0.9380459965739992,-0.05957083969936635,-0.9321884708944391,0.13867303293810887,-0.25308050152586553
-0.6556332322585361,0.023064781680126004,-0.9488224827887829,-0.04689821167001216,-0.9293135944572782,0.11986950732401548,-0.39181728390306675
-0.4463959657395973,0.004922712280086748,-0.9520258781170231,-0.04566940280399419,-0.932900164550741,0.04088726195223282,-0.26798264473304634
-0.6049085500108838,0.04914258984257814,-0.9331409091744806,-0.04520830523403447,-0.9499002483674193,-0.05803872228536324,-0.4745418621406051
-0.08941712419516201,0.01037180871079125,-0.9440779678855341,-0.07044568565645287,-0.9277516419740678,0.21973435529340005,-0.46775415599482406
-0.11317570086688172,0.008309657545459306,-0.9197764358217585,-0.0487698487018539,-0.9136664546378263,0.10900803663646251,-0.3152196438521077
-0.42446846984953335,-0.009369943194601459,-0.9391759617255215,-0.048323625505529044,-0.937032828066658,0.12231916091566683,-0.27558664191877436
-0.5541843747657186,0.0536000116854686,-0.9306422749327309,-0.02347440241958682,-0.9300309100743082,0.08975639269725746,-0.23119902096243386
-1.0386046166273613,-0.003617429321521688,-0.9406936923497249,-0.03422594736710096,-0.9258987090381289,0.03258416708383988,-0.39318503866914034
0.371918627654619,0.00537318430516181,-0.9415889346671026,-0.04622803263399489,-0.8974851610936535,0.15957098653067334,-0.2861789260553574
-0.9671222210763684,-0.019662847997470895,-0.9251740797512316,-0.05792118488002444,-0.9282027818596157,0.15763677935220807,-0.41185721922220897
-1.4032131227070546,0.033238729671366145,-0.944637737287184,-0.046084669527367984,-0.9198302733388941,0.11650244338152917,-0.24304553300040493
-1.77692718610261,0.00629119689034526,-0.9255570303977315,-0.054475679198990455,-0.9037252094868606,0.11851595284933909,-0.41261896983134905
-1.2478313853889724,-0.008984759962018198,-0.950957510138729,-0.04463516062585541,-0.9442019901337189,0.14502950606143272,-0.38743434520065384
-1.5129064294662968,0.019429007229405677,-0.932161625343634,-0.061279041604065686,-0.9372394161732519,0.16254740751069127,-0.3156107167501082
-0.08829878121971398,0.017874635799409844,-0.9270840677328023,-0.05163936603530419,-0.8992632467584467,0.2213212473533954,-0.3085265829897206
-1.3881306424678286,0.022545254574435437,-0.9414394287170632,-0.206861770682827,-0.9038381006397737,0.0644685171261942,-0.27037899662935005
-2.0019340956546223,-0.007851479817832005,-0.9365877487146432,-0.04744915725264645,-0.9144074659376041,0.21161432770324995,-0.2782703598713449
-0.49814137593494967,0.053835431300827984,-0.9251911918498533,-0.044101428215674816,-0.9041655359482089,0.2456081385946404,-0.24128146724650068
-1.1603651677034865,0.026474888690753675,-0.9282922618952948,-0.047816372366187875,-0.9177278258750832,0.2186119913250574,-0.32300762901286284
-2.156836918485271,-0.036537756060099146,-0.9399741634798937,-0.08099214699609132,-0.911056078519325,0.027716490360178616,-0.22365671529757095
-1.274300940411359,0.033175488992730366,-0.9559986456677723,-0.040014595982784,-0.9566504203690324,0.0731077778679493,-0.5395699278240867
-1.2683955267208136,0.04203093986087574,-0.9024853824388301,-0.05019247799091716,-0.8951728843963264,0.18911643718137777,-0.3453984875777665
-1.2959386023008774,-0.07619979821834773,-0.6940123535423602,-0.16967909475891788,-0.6892062800299787,0.10521213061112986,-0.1047225963088163
-1.390296722557381,0.028362508554439322,-0.9010346179918047,-0.05342216954611492,-0.9137656381460826,-0.00757805818780942,-0.23235708120324874
-1.1595376606459522,0.04529193855992892,-0.9423343180020113,-0.056697189032026904,-0.9196252558883827,0.16232648468053598,-0.2502315167744413
-0.4869459140087498,0.03940173902578172,-0.9337844975365908,-0.0435509719041694,-0.8996626929393002,0.10171066226128947,-0.15133650000361998
-0.7614548536204228,0.01929553398441824,-0.921617422736045,-0.051072464902625736,-0.904950055486003,0.15108696253635648,-0.36711230050780713
0.15150017485456743,0.024655796430545236,-0.9560259240470238,-0.050589687148894495,-0.9321385168824812,0.23938056119042134,-0.306384941460271
-1.5195830480084094,-0.030357112861599266,-0.9409136007228919,-0.06404026444174017,-0.9228081480503537,0.007951829380483428,-0.23335489315595478
-1.0918271430227924,-0.003585296452245226,-0.922506765672377,-0.0990824741207795,-0.9047048776879524,0.12442241801183361,-0.3762087015234653
-1.8975402128170904,101.0909710708546,-0.9542924772832371,-1.3242704698935142,-0.9346957961471757,-0.506123882394453,-0.26523389680409587
-0.7974501928101264,0.027176149250979963,-0.9654559180876379,-0.039932075256170395,-0.9603426708974486,0.07645674377386566,-0.4164512034020253
-1.1784280428819396,-0.011771070217255791,-0.9442290439948747,-0.09259890156248084,-0.9395859927078262,0.2965157922938477,-0.3758019627533643
-0.6988013498228753,0.03555933604010656,-0.9567075931726439,-0.04341160443212397,-0.9388102076207392,0.21609020163639772,-0.41456854378472335
-0.6484194562485174,0.0774716344238394,-0.9367144647734151,-0.006119328893260296,-0.9273973228465526,0.013720376447783804,-0.2988510806877543
-0.7328825830926367,-0.032778738890169946,-0.9912263911174698,-0.12730883672457857,-0.9972048325162483,0.11502122100079586,-0.4100989664263604
-0.6780627007135507,-0.0015688661748135186,-0.9305769700015393,-0.04566089617501289,-0.9127858346524701,0.02822873471621887,-0.33714526846183523
-0.08417664887223862,0.008142583028761002,-0.9442464192614538,-0.03545456102529726,-0.936525110541264,0.08225657505020041,-0.3455701012544917
-1.1014796142596017,0.0016070202068658938,-0.9206503588450535,-0.05194177892029382,-0.9073335295248538,0.12811156391150888,-0.20390101647038814
-0.6464733682913804,0.0073868727745246224,-0.8862184699892931,-0.059189462793199914,-0.8929260586719305,0.3126066610554156,-0.35223205044200967
-0.7234739717576885,-0.021577203407326953,28.009569918669552,-0.05469980479840776,-1.384892946545061,0.2729219888348343,-0.38455989511900857
-1.2337825382910717,0.02368597501283314,-1.0029650337758333,-0.06066335526790407,-1.0090558514074364,0.06784133341654607,-0.35273076097448597
-0.42000124753199136,0.044838949101275415,-0.8686260136449555,-0.04922241822236809,-0.8575949550341213,0.27899267014496143,-0.3418889559266143
-1.7588676524103504,-0.0034247612152926675,-0.893691190486658,-0.041653992194430785,-0.878233140808911,0.3950752914535293,-0.2334206453950244
-1.3512869368124167,0.0031512507292987073,-0.9379881731435462,-0.04843490863322213,-0.9424675055013204,0.24888756143597082,-0.1974483468263475
-0.7079556784706358,0.011145817099249848,-0.8976621255876359,-0.04121761393049066,-0.89971260375717,-0.018452281469602903,-0.3739242841888453
-2.7252020878883187,0.11422117138469569,-0.9410573422885502,-0.05051077089619197,-0.9143293477154153,0.27183022858853567,-0.22457245031888587
-1.5168189213820344,0.030600590961068937,-0.9578641485824027,-0.06974296756439287,-0.9142265763973241,0.10047715648398448,-0.1306465860418782
-0.4915041575017972,0.04074185503484131,-0.9540734444029696,-0.043304673635559725,-0.9309599340657468,0.09168422331318227,-0.38787076847676516
0.27231987907504124,0.057530113907999315,-0.9423787943505646,-0.04588079858580197,-0.9178787416652678,-0.09451440635637998,-0.3970938979816101
-0.3381749806076966,0.03226050053398981,-0.9294158549573288,-0.035166339116832,-0.9077378778960904,0.23242367655379031,-0.34471692594333936
-1.9524615206724227,0.017204064001084485,-0.9346061603995541,-0.08015487149596591,-0.930697844328536,-0.13700582073714254,-0.4098157360879978
-1.53614650741141,0.034779789767615484,-0.9164868162954214,-0.0511718170024478,-0.8976881068532858,0.03503039501006046,-0.36923010554161767
0.6285332694820803,-0.08745257432233303,-0.9709752019532117,-0.04296771620044011,-0.9385776975933368,0.21748906387386185,-0.3982460445270121
-0.7159852565724121,0.0005897415290867777,-0.9239829093522246,-0.04339264437826157,-0.9058203650509454,0.029827634320156685,-0.30151864448126686
-0.6916992403790031,0.041121931536190454,-0.9364189059881607,-0.044067669490493594,-0.9170130199520892,0.353504894736588,-0.1931915822767889
-0.8304137406669954,0.02313276350807875,-0.9543427815251108,-0.05473659436661115,-0.9291190837628094,0.1358863838633401,-0.21660416157982734
-2.3822117396867575,0.013519406448605767,-0.9424420438080435,-0.05271121617664443,-0.9136435661146908,0.19207096683245664,-0.2989095314022584
-0.8211417483449363,0.026124810187863154,-1.0615327911346752,-0.04788062692102563,-1.0635761431639086,-0.0067653068645798205,-0.35953276673169415
-0.8425445799141071,0.003952182036797809,-0.9530506967763536,-0.03525591352346187,-0.9576454385147166,0.15241159405970964,-0.29742502108239366
-0.7936052451012825,0.02496278281899761,-0.9590575799843997,-0.045903247297746225,-0.9242835062184329,0.08104359605691372,-0.2681489919403228
-0.6101608191065256,-0.015030687674626782,-0.9366313151900736,-0.05856130141879888,-0.9174503100350986,0.003724688823446639,-0.12289209778150628
-1.3477712421039136,0.015022055983506411,-1.023342067434389,-0.05192272887996929,-1.0330215080960163,0.23617047439803063,-0.3674980471739339
-1.1356192520692974,0.023386852791804077,-0.9575655425589256,-0.04468017538993014,-0.9422527263379964,0.20990929795705468,-0.352551651122839
-1.3047026182713892,0.041384527176697716,-0.9484254346720197,-0.029662125764035242,-0.9334233024117353,0.2133282112778927,-0.14487709931950174
-1.1750245463839697,-0.020650121660851055,-0.9374880198061885,-0.045292448436637135,-0.9004141060961751,0.0808261606596134,-0.24542483041313837
-0.5339960514652425,0.021069497548150202,-0.9362660653337314,-0.06403271959547473,-0.9264844699815031,-0.07402832110644952,-0.2057371955298621
