naive_did,abadie_lasso_result,dmldid_lasso_result
2.994106141933947,3.6678539591968784,2.9801355870794386
3.0226146337806834,3.075453376770227,3.02278472612351
3.0020563823279875,3.5689070882146985,2.9725802372694283
2.966953101513869,3.504125725372171,2.8455366895960212
3.02382424191646,3.571317029274083,3.071791653535578
2.9889388831187933,3.1245159846531796,3.1450019352346956
3.046831784892863,3.2304659434649703,3.045009215999727
3.0168465469562866,3.6012306994427057,3.011523545023633
3.0257153363905678,3.361582610105231,2.9933927541566696
3.0300965663867396,3.4935618517801985,3.1678030482672
3.006719490773525,3.554073966132594,2.9832988665880005
3.0229426839791422,3.1458258979248344,3.059697471752623
2.9786888460859227,3.43169102422645,3.2018360758860314
3.0095425382822887,3.1244518481556245,3.103261030036916
2.966339744873612,3.490752014012433,3.262085751955449
2.982613595362944,3.6159238438824275,2.803930765206891
2.9984664187280465,3.652246671152049,3.162281528293004
2.9883163375890764,3.391819795871679,2.8486985381011123
3.026424163918255,3.1878551595247924,3.067363985488163
3.0004883748986395,3.1905805184212386,2.9392744140700398
2.9901053792694583,3.6517313835769327,2.977697592289166
2.990989446260511,3.44145308771896,2.982576269586577
3.0015708234961274,3.091295675642891,2.974247798685461
3.0131700236828376,3.51639339301748,2.976272760386369
2.9897658393461564,3.550082185252248,3.021258619082138
2.978895904680506,3.525897783521086,2.9693299952045358
3.0090392176808156,3.472740199998887,2.9864000990973247
3.0009632895061493,3.5858343801915993,2.9942096851609925
2.9881870088866425,3.150702608773532,2.9956508178985146
3.026404664935056,3.13787284025674,3.0129380306228573
2.9832737974533083,3.0353413645533056,3.0240173198781815
2.9944954177456418,3.1383552138938997,3.0346606769851823
2.9963293057131852,3.084090706976143,3.0497758983181136
2.9923682462076058,3.517950390631123,3.007849459257484
2.9897065299187195,3.117445720462381,2.9084064027903915
2.974412624793972,3.545632491757475,2.930880143194427
2.990455689007188,3.131697269454183,3.023600399787002
2.9494124571425404,3.425650755370417,3.0703474508482964
2.980499592284134,3.1154049752193247,2.9720612545942653
2.980469795488141,3.546870100117763,2.9884973097633827
3.0072543236678113,3.141973307637104,3.0114632131992467
2.981356960870428,3.0505954381456424,3.002579377562949
2.9816987866812013,3.411538357766685,2.9702888070002036
3.032005220444984,3.5232448876987292,3.0105499058366822
2.9912451374816387,3.17508127708049,3.030402589595371
2.9881036838712607,3.581711253926644,3.0244701993961076
2.984404016380573,3.470754052855939,2.967945139056086
2.9837476216541354,3.0461221693640983,2.9943506001121203
2.9921654990106914,3.437658027778665,3.098469762612326
3.0197509161218075,3.0631345754223305,3.0423040280898554
2.986437346167161,3.148408523795076,3.0555409090065915
2.9603988158444077,3.463987887049319,2.875120421094125
2.989681950775886,3.0900577126087767,2.869457630174659
3.0148451074060727,3.614301832274797,3.0427015764650522
2.9893661139255974,3.4959693513275214,2.6502486462259283
3.0029032659175487,3.937277391717736,2.939210188850681
2.9808899557814863,3.6289588922944,2.9879777428414735
2.9972347071529075,3.387354687172606,2.9225411436264457
2.9956779212785225,3.4428432779765608,3.0141201785189553
3.0130240177315653,3.657784257821127,3.027870729036615
3.021698767957953,3.679388044946686,3.0853778453602665
2.977780417386109,3.5047111079554214,3.3677235723276047
2.9795797134623,3.522609065120903,2.9552984752560327
3.0192073204884053,3.3702765440661233,3.002677472713091
3.0010798456788605,3.1868207292804427,3.0256802439615216
3.0071850714952872,3.619515392196808,3.005086349506395
3.0069158341149107,3.511020634449666,3.0230619065687834
3.021196837776915,3.134521342756987,2.997331449066654
2.9951218011382963,3.1146255255603235,2.9735159900254446
3.0053681730422825,3.411129097879949,2.8206986784165062
2.9861809868769997,3.1472570613877497,2.8594116177931466
2.983326524214087,3.560293331317451,3.0502077493036257
3.0113465867560456,3.6344403522779776,3.009643586843952
3.014615936848956,3.1636517675675337,3.0169320303542566
2.9926462989327587,3.900125456735716,3.073278813798704
3.011638697281782,3.178908526162811,2.9840787687043147
2.9848678686054084,3.478070172653478,2.983973565365262
3.0129222260537625,3.4544384444645133,2.951033144332172
3.00276549499376,3.200299456203037,3.025994497164119
3.0070221588027235,3.5594786177507753,3.0059061516349344
3.0136615598992362,3.4929102411047177,3.0971063623366115
2.998636497364018,3.1181737780755783,2.971509015238711
3.0259065017867846,3.9314640131114458,3.115164969266318
3.026974839310107,3.472930895016586,3.086323245196658
3.0047332915580625,3.1417301197166894,3.035676949894749
3.0045388060413027,3.502198185177402,3.0736068866394763
2.992934303681994,3.118048285888912,2.961003053618361
2.9950267960197356,3.516065347229358,2.8205930814864955
2.99204386567806,3.813246952798952,2.992732397600875
2.980011048826527,3.1117721655462964,3.007029867344099
3.0011831543134817,3.167616393793042,3.006601233527709
2.9989055515375087,3.5135667701969266,3.074221836418174
3.0272594207523684,3.5523064749225,2.9901306817388082
3.0176532506985536,3.4164378920696237,3.0100122938180283
3.0031133820255187,3.139586234996138,3.027901469007403
3.0243123057888686,3.6743856802790513,3.0053620016441034
2.977573967466965,3.593790117432045,3.113483111629355
2.990061428785703,3.1033578195295117,3.053972034761559
3.0039686026923835,3.5008709479023863,3.0315888505451323
2.977113437214961,3.492732395451664,2.9414513716217425
2.9774292325045555,3.5092981443020927,2.8264065928989153
2.9994109824829804,3.4105794020506885,3.061326545175317
3.00888104588151,3.1904386978049053,3.0213247738044364
3.004521739422318,3.1255230481698937,2.9691929551177982
3.0168104417711383,3.178191812898224,3.169945434675928
3.0018414441966854,3.4845330308498386,3.042336952776875
2.9838193948987106,3.3705222717678605,2.9915532468521135
3.005922157331641,3.573905483462159,3.2450857974643514
2.992987563924093,3.127130949385812,3.03079419687898
3.0132472724558834,3.5991476705508303,3.023667132471144
2.9891177550060455,3.430390595965048,3.058303617143184
2.9780873980609956,3.477324567798174,2.988228187707584
2.977628706805927,3.0820928920272475,2.997894352471115
3.0179419869196074,3.43743805745797,3.0213801138279015
3.0154547488573753,3.438238718324749,3.033252406070102
2.984658680960506,3.123935659486955,2.9105042309634928
2.9861226929030016,3.537237218819668,3.029062450923872
2.9938205456526648,3.4938647254880455,2.9635076048687248
2.996360173021248,3.0757196823177226,2.9895480621118304
2.9802960769222606,3.2075759762050313,3.0062375624923163
2.9634319086251795,3.1094244243276283,2.944309182093835
3.018794764594759,3.6727319089276707,3.0119005370432435
2.994444637937593,3.516755528205295,3.2713619955577453
3.0059865443931035,3.908433700448021,3.102736353792046
2.989447433384508,3.4647967340680146,3.0305864813815124
3.0065773219129275,3.5799847840513075,2.963252619674213
2.986570424154163,3.537889400078722,3.0244780653647396
2.995428417025132,3.5136718087579606,2.9586948295379036
2.9905243293925414,3.9088294005774276,2.9108858725360607
3.0145070911414473,3.5250504649303918,3.05425723195851
2.9986230240840372,3.156112654384229,2.9809948798371906
3.002761369533971,3.411690891635877,3.0165045522166407
3.000542965212341,3.599945640189588,2.985369633245918
2.9824143056403347,3.583395063094069,2.9599187352255143
2.992745585596589,3.115449245668964,3.291368739773291
2.9958600326016147,3.0681037175690187,2.9819282574015906
3.015942881666956,3.167088639069646,3.1965925361539664
2.998753856832709,3.957491102263093,2.9328416098696524
3.0040140139496057,3.5114652989214132,2.996187066819405
3.041778715693192,3.480848473308257,3.0783664169484535
2.9944991587650276,3.1597912293288157,2.837173795288484
2.9781185867140394,3.5125123521304267,3.0023250917924216
2.9512886037611086,3.3987497257839463,2.9869023238220196
3.0043287155642493,3.0504813529729757,2.8613260423306413
3.0302282970946166,3.540162002942243,2.997905275895854
3.0013034899021207,3.510621664702035,2.8503788187583003
3.0200541878608007,3.457482188500155,3.0246258409165545
3.0230231281595934,3.535037857489254,2.977659472253945
2.984830436747024,3.6023427718273937,2.9744428799544607
2.991689929740651,3.547808943740055,3.065934624920268
2.9933826207595327,3.5684539742782424,3.0376005966961785
3.0260711522142354,3.4648579272262334,3.0803691494306884
2.980184957002302,3.1509622123594467,2.917870390767159
3.0234649812239667,3.150224184105811,2.9899548297558542
2.990921618076814,3.481919231306615,3.107325210299771
3.0034908106002964,3.4240721531628804,2.964186893173918
2.999221433408043,3.418570235177759,3.0257989608977782
2.976710740200984,3.7861349033095593,2.9991501886273797
2.959512632057879,3.4950463878902966,2.889094207781553
3.0273968692512203,3.496246140660763,3.0741180285610445
3.0066163815953164,3.1715787075485564,2.96658832584677
2.991618599927575,3.552556425008207,3.019640215662849
2.983188892737204,3.071479911945403,3.045353499893075
3.0025050399868585,3.533341886343911,2.8499988703337626
2.9882519660252083,3.5680265586429734,2.9352624493533117
2.995713895179236,3.446048860860513,3.0036734467307498
2.982618955601711,3.6358220851773346,2.943030441041551
2.9851467905293765,3.523136982934186,3.0682653108192195
3.0079056724865505,3.090422414320013,2.9382320196060934
2.9797186341511477,3.321237480296739,2.900457611746994
2.99744114083319,3.0916844116832713,3.024340567746729
3.0119666479276352,3.154509488024281,3.034751556579627
2.98088210365362,3.4771782160052034,2.8063573234366994
2.984320839132768,3.3078397806091617,2.919341554685536
2.9748532439840263,3.1707178378622136,2.942600714278969
3.0101352024442987,3.1688371048999415,3.0049104557975133
3.002754979416949,3.4169910142500703,3.054104525893889
2.9812889192871497,3.8633274997323643,2.97135025733985
3.0083545702064054,3.488614183196537,3.0297522138015758
3.002254683231268,3.4995068941041536,3.3401310558069643
3.0209481063504953,3.490931229835746,3.03421212584736
3.008314775588813,3.5022137913787748,2.8193087088053828
3.0269175256684053,3.203564383598114,3.0814591265144324
2.98779634070223,3.454831780409315,2.981161435777849
2.9927525229264202,3.8967223296892115,3.1139466083327942
2.996788487505561,3.1080262102603795,2.81718959437541
3.0009989716909455,3.6211372550697747,2.9494300296052387
3.0031787092035898,3.450543531876428,3.0898580814099663
3.021892690601552,3.511225736993062,2.996634558434294
3.025009823481759,3.097698952645172,3.0461767897733827
2.981875144992488,3.608796569489543,3.0629009632763484
3.0052573705858086,3.1499700292095985,3.050772634243408
2.9964182147128913,3.1148110969449054,2.9939576091023987
2.992039002455902,3.580254444440301,2.9873737479289177
3.0048830729281857,3.6197266428585726,2.8763320747429115
3.0101483763530332,3.111730978533095,3.018424048817514
3.029174507632839,3.182659663317638,3.0390833852388246
2.9577393824505736,3.5600918869777125,2.95341035226302
3.0116992219204004,3.1121641290855617,3.0343400098877034
3.0117207995212745,3.499113886830796,3.154645640668315
2.9983180126323,3.4961522844776494,3.0177324294058954
2.999193303633249,3.4024374156353856,2.8457839485788368
3.0259392877610356,3.566875269151142,2.852928067902659
3.007752515295379,3.118924470147752,2.6693714036683245
2.989385433007786,3.0813603186500584,2.757620541465408
2.988499362268573,3.154376469838318,2.942174685790082
2.976861853053469,3.0802189021648076,2.92417336973209
3.0292309943468982,3.8578399352700914,2.9968107636301258
2.9833418326381844,3.6217726870190563,3.0053486240007743
3.009768807232284,3.400237628716762,2.9777986456738104
3.0018625136326373,3.552186233027622,2.9979645679119606
2.9985176069684045,3.591872480245065,3.1569374330104276
2.9708586321047648,3.0504266041929515,2.949328450200925
2.984996886205272,3.1440062489759906,2.904112510804938
3.007949079028023,3.811092159344187,3.034489693372257
3.009408143329817,3.189932200503822,2.995899686738624
3.022379499081704,3.1431673792282955,3.2365610994327882
3.0031098710078945,3.4668901004622863,2.9815074117587215
2.973446907933583,3.521422953226727,2.9869398467007624
2.983616788079156,3.113449614602938,2.969900510968464
2.9966163922423856,3.6204503074160783,2.983364629716052
2.97648079620749,3.1480428717520756,3.0155573851626407
2.9996348072808194,3.438943290115397,2.843558826730208
3.0069311106475576,3.485029735317029,2.96795088636362
3.0027026301812643,3.080912545707791,3.017862770056098
2.995383146103242,3.3694680735728046,3.040506996638486
3.0056840960030677,3.531848565118242,3.0494736637825666
3.007725297041115,3.87510805869395,2.968988326187483
3.046093702250583,3.150890642518699,3.0159998499157803
3.0351245180458504,3.608029314175003,3.0165655090408516
2.9664831951969486,3.0880369826839287,2.9358106731914844
3.0076984631773964,3.4890072672689576,3.173211472253059
2.9982343573205172,3.1286467194488243,2.823533792644267
2.981177680417149,3.4372163422885826,2.990732196481824
3.0091844045927507,3.0862497626330834,3.0661479097570785
2.9984125257190875,3.4655313480557095,2.713650168566387
3.007570829700187,3.611196906542872,3.1200329482954325
2.997544286908787,3.4998484049586693,2.9093682775051546
2.97643460203048,3.5457859952872304,2.9666883237893993
2.9877118952480184,3.472086449031518,2.8701567133105748
3.0006118862038527,3.5842373860848666,2.972034056935378
3.055830929852912,3.6616129301774554,3.00862558040041
3.004443469816418,3.4071647727582377,3.173888650252556
3.0032434107471206,3.084006425664829,3.1822465061506504
2.991534655659856,3.091118219833317,2.9956358262126077
2.994445710584439,3.5430030951415032,3.081194283864434
2.9840862685117706,3.5217952394419756,2.973694239274354
2.9992564650551308,3.7352675058622435,3.0014631635261777
2.9866729427777106,3.6319933477421826,3.005562813207208
3.0024235071617245,3.135395467146241,3.0019012472300917
3.002681489844189,3.271087658689012,3.0150123076452067
2.9950447543297756,3.404110217973423,2.9259011296394997
2.985678810744487,3.16013378793988,2.9999417788009763
2.971295604464587,3.0733033431388157,2.9761770873253486
2.989889189816548,3.5442541099283966,3.0132537902037795
2.9915479422033764,3.1511153498305564,2.9439495621192497
3.003467277096447,3.8261960349581057,3.065492724509307
3.0098643037522033,3.4438326268641735,2.537716539878935
2.978780139351879,3.116001627172512,2.9186582800519147
2.9569534442828638,3.4145730774457004,2.9604485500714204
2.9965105733676785,3.342456598699284,2.9506777560620776
2.969389878308238,3.6142275018466217,2.972066932435754
2.977971230548291,3.4706384363444416,2.9988746733447496
3.009758471028385,3.529137601937018,3.010963003534454
3.0131432683562798,3.1765575785246516,3.018772731365236
3.004113470103297,3.091263901593891,3.0081552707126797
3.0009019496852467,3.4960290810564887,3.0257505035658756
3.00282244083005,3.6422153029222057,3.0078903949865383
3.0000663546151127,3.380270692011828,3.156025836396419
2.9786970529884362,3.082321173725616,2.8707528651118186
3.0014212909740436,3.445537572947197,2.9887931219225434
3.019709766502495,3.1396415684647563,3.0849588190724977
3.0084402565959354,3.5718452994422263,3.0297999367007833
3.0114029525777237,3.0793686255563033,3.0136676420647035
2.9993416406362234,3.584136881397444,3.052037031660035
3.0212882207590384,3.6403025363974333,3.002687148420744
2.9941477397601357,3.119122887213186,2.753233396688863
3.0098341285102976,3.4407272431045857,2.9508803098302057
3.0041923645347137,3.463067269395237,3.0130913548179885
2.9870047911568784,3.100679717126096,3.022520924188976
3.0365986331674124,3.099883035572315,3.0456685415454463
2.9949167328349917,3.1602309213061233,2.8958862174287283
3.009555065919015,3.495646142546873,3.20284200872747
2.986704944129321,3.134766866549934,3.0038187299948564
3.0249208600180904,3.1829443390615184,3.089203488158888
2.9848765284224092,3.459184691987902,2.9582142931081226
2.9985819965143437,3.5846305606402673,3.0696061757609643
2.9919159568151317,3.4718128725670487,2.9613696620853194
3.0113983726961395,3.064037191158052,3.0086487682084337
3.000007222339133,3.5792696449258874,2.9680732033794683
2.9903771421603142,3.1394157494499035,3.02124655704584
2.997883732511084,3.0844097856933503,2.978933943037921
3.005357374588092,3.491687901543204,2.87603984404735
3.014363048213042,3.153347781897854,2.9479965637692525
2.9585381226102876,3.113523404463022,2.8986950019825413
3.011775039389031,3.65826868184873,3.027475764387476
3.0013934722705153,3.088575500238843,3.1921920787600966
2.9999539379338382,3.163677583685518,2.994556956701652
2.989285243832743,3.455251634674569,2.9338358436288066
3.005777346957138,3.5113486702588443,3.0538480923249343
2.995053383790027,3.6646464554962104,3.0081664787368716
3.000848865269122,3.5742384668057765,3.0182806622399347
2.9818430040950386,3.478223710705356,2.771775555978122
2.991487448834368,3.5640527892024267,2.8312644467985133
3.009867221658369,3.4258259471648507,2.7947746914023384
3.007513483243993,3.447258425355565,3.086701513468344
2.999191097547026,3.4926448441701385,2.9976678140272544
2.9895808321949175,3.0594652458905953,3.1343486212620553
2.993785917768542,3.5345702891046047,2.9051855854404236
2.9899211881242547,3.099353978867252,3.1893981931384987
2.9988198717194336,3.3090817494452383,2.9992599663051465
2.98062573754314,3.3963050833540347,2.994541777406617
2.9919389527291873,3.575346984426769,2.999413057576004
2.993945277894751,3.5239157155072007,2.971328568406002
2.9804847615359464,3.268377919086119,2.869864293260956
3.0054312237816916,3.0909073896266057,2.965995809212533
3.026788233155736,3.403947026523895,3.061084906193205
2.9929286374638213,3.594185688512848,2.9980885481239916
3.028386847406151,3.1148413582733743,3.088187892359195
3.013463558355988,3.19075486851295,3.041371339385009
2.9723999524805356,3.509055571337718,3.075744954312833
3.0052839505635855,3.4223415610595778,3.038331316697482
3.0287045849596326,3.15833177549226,3.00683552098183
3.0034049034654133,3.1207413880999058,2.9972395029371963
3.009194774353194,3.194953247334089,2.9834459100205226
2.9970424250427414,3.441608977097398,2.972727626262719
2.996044998362944,3.133373214228202,2.993981933301848
3.0169706415738546,3.1551054011660824,3.013942016800634
2.9754722746183306,3.4847326088347113,2.9465706019886184
2.9841623294285604,3.561050321928932,2.9677969765089447
2.9604353832766193,3.2313584762298744,2.829026487262912
2.9786368120919944,3.946611566649718,3.132178265814029
3.0230040753132306,3.5800421604813066,2.9230465257347795
3.0138563673475147,3.194492423563028,3.0577386512696965
2.957307888232331,3.877486982588264,3.2476977372450593
3.0325166857340573,3.202113675048705,3.0184290280394976
2.998475939296592,3.6215456629897442,3.083637417110616
3.004304239200578,3.1042792595325044,2.992969895450608
2.970967462084287,3.049347751548042,2.945858774170576
2.9983487717020143,3.4796279633061835,3.1081665688900557
2.998001669389216,3.516042116954927,3.0135981765058872
2.979822551115745,3.4762687805511003,3.1038552089375946
2.9935714156515107,3.1138401116443792,2.981524227039587
2.982586076415401,3.528130710449023,2.9109143102747055
3.0135792679076694,3.4449613431727624,2.9291841802446417
2.978134040786751,3.409483399816847,3.0610052799360155
3.0165096134632305,3.159982128183556,2.994918165385834
2.9886163696563686,3.124180846316004,3.000191409723001
3.0133212307313397,3.8978064748541703,3.0363902799189244
3.021959025459465,3.0896488354067873,3.105205832688321
2.9706826098904306,3.53312414884916,2.990219431347075
2.999708307482152,3.108097647435455,2.9974986508367736
3.020101538460693,3.5785252117467645,2.900823023946809
2.995414536156316,3.098406777042288,2.9803359471715405
3.0244113795302674,3.0979327770589054,3.0940588100759374
3.0015800498383283,3.4068233612964587,2.9443129883273524
2.9965727758359515,3.1174067604084756,3.013560933432877
3.0113713412557326,3.641392733345215,3.0863469504623176
3.0062731495487283,3.494463714432168,3.039193894479309
2.996354091576049,3.4328374855169295,2.940641873368426
3.028863696382767,3.546703027728344,3.054496377636042
3.0013110794495885,3.0990619630108456,2.995386793903184
2.9984639917920095,3.588325535110529,2.9436286027791656
2.989575234285584,3.4257767767464093,2.8724070269477737
2.972438409771346,3.0544768811229,3.039572905671438
2.9608687555442073,3.6119723557985965,2.900050478411285
2.9896012215589147,3.4929439911229263,2.9852010309745474
3.009651893773961,3.124889150859734,2.9991409416589736
2.988210444150746,3.4782123441150383,3.051889863019107
3.014893197584432,3.155382821894834,2.9874612331427617
2.998037120637265,3.105538822491954,2.8915017185472633
3.0138869581904837,3.552313143890465,2.9546152895610867
2.996518972315198,3.5785097845332707,2.9613524071414004
3.000402351965178,3.5074744330058882,3.0252829248241366
2.9898325364162304,3.451932362226294,3.1253598171711516
2.9718632360857464,3.5526258241087056,3.139432981988889
3.0133588871493417,3.15718477355656,2.9961103180288857
2.993828014848232,3.1131703366842003,3.02870947905951
2.992557680875576,3.3862081816015626,2.9905399668217276
2.9899600531273807,3.073604894209705,3.0325259456444495
2.9933359377309605,3.5627667126011744,3.006178374112385
3.0237700458771437,3.7137764834606672,3.0359249475054573
3.017325886031355,3.4279030995959276,2.9133285469495735
2.9783594271277454,3.9009872095504425,2.9012581898436327
2.990054956439486,3.3035548601930333,3.148253245382448
2.9952843311081074,3.181447582972557,3.0461642932036685
2.9962641057539496,3.1962057844792953,3.002808403492137
3.0050946035145056,3.1498543228060716,3.0424878879950867
3.0016113961804076,3.1762583750102316,3.0162144355363054
2.9938322316226498,3.3772914048740703,2.89384495317721
3.0203796849462536,3.504605073686905,2.9887376937378463
2.998063215502434,3.555746512081713,3.019241121568002
3.0163238752333204,3.493605394093951,3.0136680067212174
3.0018104902238787,3.1396843828754912,2.970136788340004
2.9914042975820667,3.49630505967399,3.01914721471855
3.0058785140605133,3.0910739663784494,2.9992664143558896
2.99900286335229,3.1509282689191345,2.8427603586023764
3.0064624298404565,3.4203827505747615,3.001121676478652
2.969854231605906,3.207427753564308,2.9741005882840983
3.0101418815326584,3.1354739231955517,2.824909379252534
3.0238097902195364,3.3827752881009854,3.1136974967790856
2.9892898704354858,3.381077329894707,2.9475195404428653
2.9963721724900747,3.5446043098574735,3.059900204118276
3.0063644034231247,3.516198787322405,3.0242617204207383
3.00148935373822,3.14810081019448,3.028485563377841
3.0034987087841225,3.438112735599379,2.9995675689255217
2.982879654429027,3.056287941101087,3.024328204190947
2.9554706124989862,3.0770736936164007,2.967606502324852
2.9792709156642685,3.1511576619130817,2.9220303457121277
3.004736838389735,3.9406751069445285,2.829434613554374
3.0176608157661806,3.904618092168738,2.9826514781540796
3.0065077494839114,3.1283787207109737,3.0295111576554006
3.0052038609351195,3.1947941112091796,2.9897802948007355
2.9935247148924238,3.6236493922901416,3.0190940121191394
2.985004767270645,3.381880594595493,2.7842973307519205
2.9929227091547492,3.2902142724352434,2.9985266251477243
2.992915066305377,3.8877096468601957,2.9894872486674515
2.9541955974615233,3.1402794733320234,2.983483860296271
3.017692780437712,3.601191371961913,3.0745847011753327
2.99177487286143,3.508795694692824,3.033421192065623
2.999075604319873,3.4663639188876374,3.0313251401356904
2.995636906165226,3.5796595936142483,3.071229573354173
3.009126560536863,3.5389909127803243,2.8235976026827365
3.00606410208503,3.147706592155,3.0255352775090767
3.0149297467328484,3.7996482964520366,3.0291994281909407
3.006652740861983,3.40660329982633,2.874727368796697
2.9809373695601447,3.086117632209253,3.0297104683575844
2.9775421901400407,3.466517017729638,2.9715206835733445
2.980696807031271,3.0608541602592516,2.9063952188413347
3.006310346421161,3.5089611815684405,2.9205288104607003
3.005605326715848,3.4995170383898198,2.9922024278171206
2.9986429737486757,3.1297139581915125,2.777935340365974
3.0060763960463595,3.6405946782663063,2.956643882149196
2.966362556969189,3.4659035792103543,2.971219724175457
3.000023680938499,3.146730181203419,2.995410171466485
2.99978483364041,3.426893585415614,3.007772650619433
2.9855214671837764,3.869096320983327,3.103975431236302
3.016908263547087,3.6097424150790984,3.1483961827449582
2.990555714211249,3.463008085527069,2.9984070996414776
2.9907068946328157,3.8601998660895704,2.859161962320546
3.000345798130028,3.512265727801149,3.0251401748477154
3.001749417306659,3.541059669151549,3.057242025187287
2.9884248080110565,3.5806917363496797,3.035311895110398
2.9775649497494032,3.101965484039519,3.0325223855770305
3.002140960787127,3.1203703477829707,2.9236969650727573
2.9955581300020153,3.4121123430549285,2.9828463429098697
3.019577547298721,3.097002215256694,3.121862896996228
3.0014410076406963,3.691838110092312,2.8554022556357768
2.987150039402686,3.0988577053210182,2.8983712508403743
3.0015045572638153,3.515970010496362,2.965926153985116
3.0000976732800373,3.10297152771531,3.1318521556103702
3.002950791779446,3.4603820775854657,2.8676755656101047
3.015498732553787,3.500824378217985,2.9924287167827894
2.9821877748506163,3.3962327701877886,2.959558146165099
2.979162391584522,3.0626382441801048,2.9779840089310676
3.02447390773656,3.522099463426369,3.036932303559091
2.9981604215731683,3.1444952898881255,2.9997443050687536
3.0030766472749386,3.469229585199382,2.9818834520768895
2.9764070122525093,3.4220189111631703,2.978339675613669
3.0082809151217447,3.4390218488372657,2.9291289831581433
3.003308235795747,3.6305634441674037,2.9842355201872968
2.9834594135020915,3.390776396155581,2.9770992507824126
3.0099623432098186,3.167121733779313,2.980759057754616
2.9852181749575806,3.601421212993614,2.9672066596565783
3.0123292411703257,3.6287321912032193,3.046320911741973
2.9841669767851124,3.8541557399092166,2.986107358290986
2.998314843181949,3.435307887728218,2.7679275843722118
3.020123264065691,3.5019648428330634,2.77451228575963
2.9896871332922954,3.515445730801289,2.9916332794557023
2.9759827715526272,3.531503042543881,2.8795105759661705
2.9943045427157857,3.4450724448598127,2.973720525169537
3.0192760823290627,3.529863426740036,2.977846857807477
3.016387113154194,3.1772759727593787,3.0616619668423404
3.017760538137371,3.5615416751500595,3.0793812527154705
3.009509940835386,3.630251124586282,3.1943402284004447
2.999765781090243,3.4765756885048416,3.0443631994605473
3.0144213012110344,3.1150637855411616,3.1207706922446823
2.9948125188378754,3.50818014234728,3.05231085603601
2.9677724563509376,3.115762128346453,2.9549781262474273
3.0177493406029265,3.167697521249453,3.0285045714436096
3.021469357187641,3.515987524801601,3.094802321493106
3.0116776724881813,3.163741756511908,2.998431621087864
3.006586087765267,3.6077072232946352,2.9212877935519845
2.9903608048104684,3.4215770279532127,2.9812616430208703
2.9796784426354406,3.3938886619728357,3.033285176105237
2.978053942037487,3.1538148523010743,3.0368558955899605
3.0262022191177507,3.5145177666788765,2.9794802678683068
3.0316873788005756,3.1971033382429983,3.0558064918537653
3.0043589732392366,3.1871877481137916,2.900700032800806
2.9897844615342417,3.4649473563139153,3.002741358377295
2.984442359649379,3.5483044869791214,2.9738272221834663
2.990284970815027,3.5284692589842854,3.027639516069409
3.018512672732803,3.3562633970112326,2.9637820966113857
2.9932890916487707,3.166479174542494,3.1089259706203145
3.017574029133021,3.5635911480967115,2.979267761065321
3.02679357461718,3.5465438948449544,3.0810468309809815
3.002571204576279,3.5862200681360736,3.139330050653337
2.969471676098595,3.072781705899844,2.9459210651610332
3.011830352033608,3.414711183986423,2.9692224480199627
3.019948933462906,3.5738298007099876,3.1667355940696993
3.005377703383799,3.5264812937645944,2.9970948593110336
3.0127662308360454,3.6033465241361546,3.0590154215509537
3.002463932675238,3.1677477904991527,3.0521152523368444
2.9883078591324135,3.0960304643910614,3.1236348954043303
3.0288385816486096,3.1574248468067134,3.042064016983596
3.028317751488515,3.363962156949822,3.096941205539801
3.005089801190544,3.1495164954182155,3.017937235077282
3.0153511153216006,3.2413241737075977,3.0294240037918323
2.9996592845464476,3.5369395369156074,3.154230187819463
3.0162224781339275,3.1660119989547293,3.0561238221160476
2.981966715196428,3.9004384058824564,2.71961624519579
3.0016180829161403,3.5076949616759445,3.0624305193767776
2.997080478203657,3.093640842759677,2.912796057027397
2.9892510505959384,3.5059369827917095,3.000845104349123
2.9978131814595246,3.100790382854976,2.9822609104988853
3.0068061949892635,3.0674219684793926,3.142793249742426
3.001316645094603,3.110983506960437,2.969690254184095
3.0127888819038415,3.628700556681398,2.798977111853944
3.0020963748823766,3.6223961269427725,2.978732244083597
3.005077608944391,3.5641244813331054,3.003101592756366
3.0275003078516196,3.465224995085907,2.643786388768395
2.980168292340993,3.1236259490695204,2.8241982999709947
3.0355969164910044,3.524898680680847,3.0825609625928854
2.984391420346207,3.597775504156596,3.014992154281345
2.9884140459691113,3.3568698104541412,2.8528133884107314
3.000290766458967,3.7676363965720707,2.906963489993535
2.9964984592007045,3.1132570741532235,3.0020364971715097
2.9980590016467312,3.10156973380938,2.9863463353235375
3.0146027894896603,3.0713063413342354,3.0594979661453463
2.97367889315321,3.0821378732672344,2.507708963570261
2.998504098193763,3.4551454665643666,2.879334644051716
3.003584107974681,3.1429009863604715,2.969862103039083
2.9957644467439035,3.9207001378913535,2.8991543060053453
3.002360163874684,3.5136651607906284,2.853620839034855
3.0064372853250108,3.098075881023542,2.9771833663706344
2.981035592279459,3.571441845295931,3.0057237083478734
2.998183453791569,3.529449042680958,3.255858060159225
2.9943192550580644,3.890799958258853,2.913817611495472
3.0085910366240123,3.19766809839375,3.045555461560836
2.9825298111820486,3.157215932306676,3.0040736234717906
2.9927831987944176,3.574173672182133,2.9176698078817385
2.987439374393852,3.105809273935865,2.7005241963389484
2.979795675741976,3.142247002406118,2.9595093620340895
3.0259941242537627,3.1338605124614753,2.7669896789826125
2.9969962971265773,3.47109470531131,2.965225057778017
2.9975320160696786,3.4332379605786634,2.9212405472877396
2.9859946070837573,3.800399340716153,2.918834458717964
3.0023208913018724,3.4607523500056163,3.066395057188739
2.9896525445649704,3.40657151210055,2.87879719487249
3.013535826535764,3.4613020725310077,3.0378125127185744
2.966151835446393,3.5535690950809333,2.9284174564607035
3.010601279179155,3.570162228045368,2.9916827214755317
2.997916054958681,3.177332051300758,3.026432988041438
3.0198371295090785,3.5536068880518337,2.947210946714648
3.0150813273121027,3.572892008190046,3.0250743567540854
2.9833622759981395,3.396830253593373,2.89289522515725
3.00127266293195,3.0816785960278663,3.009350506921587
2.9866711686800462,3.1691460439483405,3.028145576498428
2.965949626062672,3.1372768995120803,3.115581670657863
2.9938623099487947,3.0752647247702645,3.093433856486956
3.0206082638209564,3.092002806564423,2.964335463995993
2.983344444992204,3.42131319456329,2.9905785345921263
3.002880631484933,3.091654169533947,2.93129153869811
2.9923425084466944,3.4809910507833246,2.993381663272258
3.017630360921665,3.5287358680935768,2.9836157896591216
2.982970542876414,3.582233902174047,3.101634471418289
2.9818628990473552,3.4593999011234957,2.909116340852962
2.9888403374942167,3.1206789082941753,3.021082042131858
2.9867136629734445,3.098715124597839,3.0142214070954267
3.0276214283231493,3.3890807332006805,3.0436732754694753
2.9780765160236857,3.269757026342613,3.0767243211121844
3.0030526521699157,3.444382657898669,3.047584643369344
3.0073278641099144,3.5704379637178327,2.995597711356468
2.9986502492454172,3.5114041455238545,3.2404494786501887
3.0025912575522375,3.497543748753106,3.0473295490701
3.001229587858024,3.1947089814063627,3.0090759792428066
2.9862025832566155,3.5264977849639694,3.0022904502596126
3.007909454593877,3.5514186926537765,3.047335827750791
3.01116756919483,3.5643746443437556,3.03396196477326
3.000774845776487,3.503267350976559,3.071039695015183
3.0075025517900986,3.107945871785125,3.0029622091044055
2.979667290916116,3.04381099937133,2.9773167278900474
2.957884382107042,3.0647766666326657,3.245687958791572
2.9844415664384005,3.1360943980660063,2.8571285838618663
2.9812265103849285,3.1654745462957554,2.815618676954921
2.987185500447426,3.106205465207017,2.992842498353433
3.003837925806042,3.1714136305686362,2.9711566973755645
2.998069091136793,3.35958082117626,3.2345192260053297
2.994474504197425,3.665659778910489,3.089838121430536
2.9918249655460514,3.3520493428579363,3.0176035830653607
2.9919894037236636,3.544084120577277,3.06436201006863
3.025745095539622,3.1648323719064435,2.9985858916509947
2.9909848756043904,3.416727369957135,3.0051816044343966
2.9834634026053433,3.366946953525091,2.9813976520016894
3.003119396639502,3.1253924573873078,2.9576852932084003
2.974644658185862,3.798075823210336,2.943098171116006
3.006485803072205,3.88695334533898,3.08936344903356
2.9756254143518124,3.636485202053136,3.0044712970496876
3.018427692753308,3.376880436627199,3.0273236853751557
2.9989211972911636,3.087953774993307,3.2816954556326907
2.981516093342446,3.5594825257605356,2.938571758063012
3.021967964448276,3.081250228959517,3.0250657739202005
3.0166266190739357,3.1476219481495673,2.8437812921198695
3.0064013262941716,3.177918136161369,3.0616352570524485
3.0347257178290943,3.8415621353753537,3.3506187853312364
3.009718748319653,3.164934750155886,3.0962978730650152
3.0123308883097133,3.1035496075566327,3.0200410083531866
3.028527506918449,3.516762667272248,3.0273705111828386
2.99210652513335,3.088035696625409,2.952652990571978
3.000701756154444,3.2465847817921127,3.083554499306233
2.9856290991104615,3.9135106318816115,2.9449834657165432
2.981010157558303,3.5262107809373346,2.9379353710675273
2.9908928950645217,3.3315732177534834,2.976161699589629
3.009129164570561,3.456003191167071,2.956910005117964
2.9854347860612656,3.9280732066229156,2.846352635183747
3.0088392454852855,3.532435867514225,2.9111791706175314
3.0290032965682094,3.4765291740803503,3.031449419504317
3.0083314469019555,3.178035360391267,3.0654729085387427
2.986540136904572,3.4778354960715028,3.0232307625942454
3.0048922143354355,3.5449093784621626,3.0169905746761265
2.9932326819302033,3.389872521615863,2.9669442537558166
2.994286028531133,3.4459110748884654,3.083384313543707
3.004940673185004,3.478040728432447,2.9277471010648766
3.046011969700317,3.4925972806799837,3.0126976711295423
2.9934826590166557,3.664288686757925,3.0253586735960374
2.965653522953424,3.119786196396275,2.861878569087422
3.005032105326263,3.112961128573204,3.0310122221233966
2.9723253470412696,3.423060683334266,2.985812196444023
3.0134369867448783,3.4517506949233208,3.021772133028356
2.9874400214327825,3.411001260392901,3.1096850993985923
3.003831319566845,3.423056763438599,2.9986059544823362
2.9993726935005647,3.493571583318287,2.96974150373019
3.006481446732986,3.136892234982656,2.9367504588631306
3.000736611024509,3.5961437424411975,2.966807808143585
3.0206409056616703,3.4272164577489614,2.983613250002718
2.990466439262091,3.0441742823060713,3.120046422673103
3.029316415782319,3.426588455797419,2.7169547602619906
2.9834914883277674,3.0738211209218957,2.998007981473677
2.997210257202779,3.469939298618925,3.1110909575032415
2.9759277471498664,3.1069444460734257,2.893054194896272
3.0012175616678984,3.6372779245994473,2.6871078375157627
2.993520525934337,3.3451178278730618,3.000657983185869
3.012642287159582,3.315689126232688,2.9851761669996377
2.998443128650618,3.085337969845847,2.9941513488141442
2.9859594113429124,3.11859584549657,3.0185018082851918
2.9961056971562483,3.592256116321936,2.848231530494574
2.9893531434543554,3.5017120140150295,2.972518434260437
3.0018524811156597,3.517166195166461,2.946864459795364
2.9865809178063736,3.103814354640628,3.054119117360747
3.004257218807039,3.5348682141840526,3.032508481706312
3.0149126106661033,3.1316541545000702,2.9687976515845254
2.9722097312943014,3.435877793142629,2.991081930577262
2.994608728601614,3.1395456611304473,3.038409321488178
3.00944385857319,3.5144419209390505,3.2080882184010298
2.962548213735208,3.460555890879259,2.9493000479890434
2.9993269518300663,3.5890078496939446,2.976657220249387
3.0276636787683033,3.2265232017334853,3.0263806521286485
2.9850860231341425,3.029952338361852,3.048366289805008
3.0096428193103972,3.592836473433275,3.0817112816811836
3.023238266303133,3.1411374520066584,3.064505344740688
2.998213151619238,3.5501600086379863,2.798249159581551
2.993430616996493,3.528549233516844,3.0065246674882586
3.0109310724124514,3.6888553238690656,3.083718886135487
2.9859406731250857,3.481042085143114,2.865321460969899
3.014011670141088,3.528396973820851,3.047647618433611
3.0064508928990215,3.564556761887203,2.97726313533943
2.99771455167381,3.14614291588568,3.029206008965894
2.982263094011664,3.0761843155405093,2.974803132612874
2.9680702284660647,3.0421426144646535,2.789457967981543
2.9863632845085926,3.4617936245794936,3.029031496079827
2.988742857479007,3.4587993019463643,2.9470262919505097
3.010610005521973,3.5256798446953908,3.1002544849605727
2.990204980325485,3.126502505171435,3.1252156964564937
3.005334637064855,3.0918950114807524,3.0081261387371576
3.0340852811439527,3.6682184884039457,3.051212869467938
2.9984432910784333,3.6845525562610586,3.01463099278209
2.99011775318161,3.1168579978905195,2.6884778113787826
2.9720034103550548,3.1768624673922976,2.980247211904313
2.975829242892946,3.913921892392216,2.8530331757432483
2.9957574681267305,3.077609466563722,2.987107290887355
2.9863037753353607,3.5457511517950437,3.034838616236687
3.014788298300733,3.4168957900388204,3.0298202288419374
2.9914117597057177,3.3585095954816273,3.0242066463044504
3.002310349453135,3.504464330437381,3.1509129273226595
2.987754833346142,3.1490168457320102,3.205711139356522
2.9853506142786097,3.468676674897931,2.9525092485767934
3.0050043277057252,3.155798286266403,3.0615303915155723
2.9880097936605097,3.1353432724684738,2.98184383009243
3.0275527892534946,3.478059988393322,2.984386046662478
3.0205255256153225,3.5265631936415223,2.99156746694535
2.9824146158890104,3.150138012208007,2.959904638163235
3.0044474396247485,3.4947779181521255,2.948261242192485
2.982731652103984,3.1211025043088814,2.792133879525119
2.9913197136324996,3.5662736229156557,3.0346198255833894
3.0211528052896095,3.250492570770315,3.0616097582008184
3.0042987042209264,3.3634456383380034,3.03312716794216
2.99769336686751,3.5974169620324012,3.007605611159166
2.964366662804823,3.0417291208740265,2.938577379625398
3.005202454401843,3.085281684755181,3.020591461438803
3.02850976337852,3.2616078742042025,3.049009949442531
3.011821657626858,3.146279912448323,2.9858412569820336
2.9943213231836427,3.666958190761414,3.0764638070688486
3.0420933572216002,3.580722512718495,3.088179947120283
2.9957078356801077,3.1466385746601406,2.955683768872584
2.981567927120114,3.5818954127878793,2.9828536811361914
3.0175164873759797,3.5135409682395453,3.1140808060171246
3.0117732342591133,3.6303250417204875,2.830756057108921
2.9679434179228705,3.821934739167052,3.0203201600010594
3.005763108192441,3.1876900037503177,2.9391436006705303
2.9948926022643843,3.130607104570885,3.0024395582946233
2.99363867122548,3.5634171978397347,2.934403400621031
3.002724032277535,3.1098883020911128,2.9596499554268174
2.991263300591766,3.0765053906013713,3.0619797530623005
3.000875755011311,3.530936335993332,3.0148707658420113
3.0008768354508546,3.1036254303826722,3.0004579481120683
2.99439372575058,3.1155206091703143,2.920549825386746
2.992186944871599,3.4993966807092773,2.6816248256385675
3.0196333212634596,3.127525060316567,3.01257293424064
3.023056825254516,3.6191886875501234,3.0593342301232345
2.999635613601935,3.538035447893096,2.943882861897531
2.9908998739645054,3.523244647398311,3.0155756244356375
3.004470974790985,3.1252318665078374,3.2874925156080614
3.0098437745652857,3.0956761925318528,3.0284609287985793
3.002675086884893,3.0964109020974693,2.958850949874688
3.015928247938091,3.5925689513181776,3.0001268244676815
3.007233773117524,3.7308642552742843,2.7943452983885866
2.996824491087641,3.1189210692067406,2.991362696679772
3.0174203372563144,3.1850641912813966,3.0020091754503646
3.0179160314330833,3.4864193374264647,2.925140100104753
2.9688404473958405,3.1309493443354275,2.9867875536764705
2.9963481706201334,3.114134689157762,3.0086092429358144
2.993523059265408,3.3948821361421357,2.9677238622863644
3.018347866858119,3.9467326700093306,3.1195481566840684
3.004741514486331,3.138424880707156,2.9860052118800406
3.0293247955392975,3.662111045392199,2.9981195598824977
3.0042796065040447,3.607544223635787,2.9701579921067918
2.9662188331000228,3.1038417607976614,2.948940435132398
2.9803284066342517,3.4391111621779245,2.922510801992225
2.9890851169352626,3.5431697311384887,2.957772826928009
3.02330681907553,3.5568388088484655,3.074774131689712
3.0163366437963575,3.3407828966642468,3.080565000886354
2.9685078063732067,3.5493320769630405,2.989765429809059
2.99046342892767,3.4000602620413356,2.995146824163889
3.0042643148018278,3.541393560434537,3.0140654776697984
3.0044003162035833,3.514185277074312,2.99520512276062
3.002337460973189,3.5305225510775875,2.952132994239589
2.9967019475845182,3.573130586437353,2.898745211172569
2.9992549145298564,3.575937023868714,3.10532761761283
3.0252246013603936,3.61845717886442,3.031519804631186
3.004318189000462,3.1166992761110457,3.0033389167342106
3.006318582695895,3.3975325284383864,3.0276362429829335
3.012508999628731,3.3501588625890384,3.1045910576825215
2.9985295078678833,3.0840071910799196,3.0055876185219743
2.9989481377958938,3.456300829793488,3.145832599001223
2.98928815892735,3.1214443874426774,3.1083791593353025
3.0117986327692345,3.886441395133461,3.0720783134138805
2.983106051058657,3.0620041674122684,2.4856102432636966
3.0005660317501093,3.123925229255949,2.878457024038009
2.980606141299056,3.0917238055221112,2.797467191713232
3.0156017869570113,3.6100005106197623,3.0423077976925175
2.9713585661899513,3.5445023812522045,3.046617603607003
2.998405842992921,3.1185543208359547,3.1394455721094223
3.0059086184565076,3.5030448033286326,3.2187660829361384
2.996286760739674,3.4424139219936745,3.0079917873024047
2.9600017349962253,3.556753302085801,2.933296042838265
2.971794782900063,3.089279097089869,3.07952557771583
2.999388907802312,3.1519376216252817,2.940231231962791
3.020281736811365,3.885610670933791,3.0659343912883212
3.0138660215744126,3.1249274640336124,2.928631850561988
2.973827427541068,3.779544248264843,3.07849229044065
3.016780481585209,3.0880646254550994,3.013323663077509
2.9977713175944745,3.147988112060463,3.025031658140373
3.0010125899472953,3.0734792922135536,3.018298277275412
3.0129452280669695,3.5340375609010617,2.9635832940052627
3.0056791460038994,3.5287365533160084,2.9749367067830557
2.9957885537339917,3.188870377118411,2.9482515305301633
2.993183713913357,3.5310874347581365,2.99973931461783
3.001917986153754,3.45729462847219,3.154575975080988
2.9648286791978062,3.3038402479464746,2.8805941840165525
2.9769942306045634,3.5533523853123774,2.9658897908160724
3.0069529194356326,3.1397119530507784,2.9904098488537647
3.0351509501152476,3.6669834511835164,2.9928110577125837
3.0132454126485917,3.1113171607199597,3.0383087170415664
2.987905360611899,3.1164768648196755,2.858845495903869
3.0217560473696112,3.735492206508602,3.0241497333609777
2.969807859392612,3.5193743591296607,3.0415044286874937
3.0074904512135827,3.094053477393981,3.0425887426706324
2.9821241009777433,3.879926908478759,2.971648756122362
3.0207071253258113,3.143955536226564,3.0128492679669963
3.011700675688748,3.4908845602704726,3.0769184427166136
3.0094071634977406,3.8708744399348363,2.7216393924381848
2.990675061393557,3.5839194977349695,3.18845697505235
3.017827467962025,3.1660567613772175,2.958522486911199
2.9917804607758436,3.0780186001631558,2.9330603230715617
3.0081118308093036,3.530998687552804,3.0205301961921114
3.0089302637521778,3.560966845942115,3.0196642803251406
2.9957383593342537,3.5962379387047285,3.0379049460944074
3.011906995533637,3.422556975216687,2.9874428303557865
3.0155687699240348,3.5411203490007397,3.1499102644026684
3.0148311211134406,3.197384678302638,2.9503910492850522
3.028290428792321,3.1453209919787417,3.0826545346617737
2.974514940578781,3.5537160126253644,3.0103494543662643
2.9864325135203984,3.160714771662578,3.0039543565401123
3.0239563278502777,3.572371883402087,3.0195421012291295
2.9895388762758333,3.1117037533052128,2.9489497287211837
3.012115257830178,3.433172942020811,3.0036351091958493
2.9984684596012787,3.5247012331329204,2.927817943182438
3.008115731891742,3.3354224842151647,2.9120721505842764
2.9961073286401936,3.956386353528802,2.974658444433002
2.9932539052169664,3.614524477558969,3.04588147487614
2.9935054761475657,3.1080993896146776,3.002261540414082
2.996093410669228,3.607120542656026,2.9777682961395193
3.0066430521862317,3.5559093611496437,3.0213500044375325
2.997049021308128,3.415490636417173,3.08826191576126
2.9998289938960236,3.1529790033411955,2.9594523377068613
2.994773804316162,3.280596602016877,2.9070483839788173
2.9902081066243547,3.4012824750356914,3.1022815830920942
2.99580787883638,3.642120722623484,2.9400359732365287
3.024992300721402,3.5779039477301238,2.8615146334867685
3.003243511675075,3.619909515894743,3.1110068477050965
2.998246256127442,3.5048478182034217,3.1643521406640236
2.99770018155419,3.543145795126305,2.9577315627790464
2.9884002705290493,3.100350426002743,3.169978687017677
3.0335224473059483,3.561155135447505,2.9783940845715144
2.9816239875588337,3.891157138536919,2.979230298959026
3.005826689923067,3.0930050253608505,2.9779762535730363
2.985223784906947,3.477592122850557,3.0549525396737116
2.988890605993823,3.9242566614418384,2.9940588553363283
2.9747136666607723,3.4878232920915933,2.965403136210922
3.016874029553058,3.504746066785134,3.2728714350714285
3.0239883727915586,3.5566580109650276,3.021304681371979
3.0144846869035633,3.0893861597881522,3.076520473527843
3.0162002826165724,3.116513314935928,3.0185361153960395
3.008371285876312,3.4860618521517437,2.996615758096781
2.9820820067741365,3.4379253975783097,2.9289499588291283
3.0331574518199087,3.162743586690147,3.0739202534829397
2.961672837550635,3.085093709071485,2.944995288425953
2.994100745586566,3.5145483984390724,3.036794824999665
3.011466016608468,3.155928306892264,3.0791947862091753
2.9975916876286037,3.147816317511345,2.9965246956428357
2.997401122801551,3.6101872422745056,3.004749782656758
2.995475993033928,3.4214455057578785,2.9922935555900887
3.0062289822795023,3.6247782926908365,3.0184884473175977
3.005757009313311,3.1608455979518726,3.086208622888852
3.009557231694232,3.521481185831578,3.1008066459148047
2.9945321032181687,3.549382851273918,2.946572892872626
2.9959817819436765,3.4002343619541984,2.8954880602825623
3.0085984063455182,3.0801770343343953,3.0363703985077453
2.9707735287112627,3.0786275626678847,2.842859652766358
3.0154919765450146,3.1309103109645218,3.153885415341272
2.99178993318648,3.1089822753189846,3.1526652240098096
2.9804809026704477,3.482830842245899,3.1150244989514055
3.0102587334106596,3.075617363518451,3.158612519111303
3.006300498483517,3.6581120742281428,2.9225862065005606
3.0061124331491547,3.1603577291041027,2.98595371492991
2.984094224871413,3.1627309790095683,3.0520077596207513
2.9820143617494694,3.87325194503649,3.050908841894954
3.0081653303219205,3.16299140117062,3.028269955068489
3.0028845209457318,3.5965380904855646,3.1354813974036304
2.9722981609717674,3.8563569053091697,2.98348965077128
3.0137575441209883,3.5127822437152703,3.0430685803090816
2.987323984578167,3.480594572922066,2.986975499300431
3.0040036701173936,3.1022593244664334,2.9663914423483124
2.99706506431256,3.135841348247497,2.964253677234588
3.0018691934718222,3.5489415428317335,2.713071866941558
3.0253848876869807,3.5062316918086553,3.029370637504938
3.018362297216921,3.1465754149240945,3.0544980179414676
3.0376064630738155,3.893112656116136,3.032641642727257
3.00258984246577,3.1127273779078313,3.183542782286362
2.9955610689054426,3.558161320650125,3.107820939662118
2.9783148897317666,3.128720372464972,3.0746175172467978
3.027248675088197,3.0875560934827173,3.0319141943282943
2.9771541567082993,3.098079281572164,3.0773904758459665
2.997662978850858,3.324778593665664,3.002386038557247
3.0013345179083215,3.1761871649241114,3.018147265146564
2.9640095644133355,3.3524050719222878,2.9538525377847717
3.003008066521827,3.63920210754678,2.943626987537858
2.9880076546007617,3.3041917508056735,3.061132656236172
3.007382079501806,3.139802746216171,3.0292102473416938
2.9692242004415546,3.1621136304455875,2.971404436717192
3.005941771056225,3.56194055979212,2.9425875262771317
3.032066996166798,3.5682206395942755,3.0702158627139946
2.9872243786814936,3.1013038108178494,2.9659748784545963
3.0253547671229906,3.106348405894801,3.0320928520149923
2.9843552930028063,3.4109818871849824,2.95108643528818
3.0285836932097285,3.446092398975131,3.0217037570785994
3.013346255921861,3.5951163060570672,3.058517191904694
3.030395515935381,3.8713702270206767,3.044253850995296
2.9945334095987692,3.1265713116907854,3.0146530574268793
3.021445547503209,3.502352271225254,2.965574524344076
2.9870109519347325,3.520269583929797,3.021160054190523
2.9618368665641093,3.404458498919249,2.9567276353159473
2.9983972625965976,3.418526310834594,3.0569198675309823
3.0354622684765777,3.895569102172451,2.953282060271426
2.9882912929238254,3.5259833360705937,2.9105976939621394
2.99670462148145,3.560013072274745,3.0876631506865873
2.979049534365698,3.4700045036771923,3.0471928223086113
2.986754449964902,3.1333472527694877,3.01356794995608
2.987564921730862,3.1382557650661402,2.995780179070191
3.0257939073274147,3.461774967790738,3.131918255054643
3.009284801228644,3.119717337353503,2.881998514895227
3.0163533043493738,3.5855775632526106,3.105531758446763
3.018234647398177,3.616258722458237,2.950881163893782
3.006021485101351,3.153753187426002,3.0734629636080744
2.9981306389852045,3.418987575459703,3.034015371838555
2.9991771023723697,3.5317710880357844,3.267575814952628
3.0252293703907753,3.219131814088978,3.0829123691381763
2.9613261914319207,3.8667214662005365,2.763633194281465
3.00533683557192,3.1026959795913074,2.9586106260435043
3.027808966585575,3.1586767633659276,3.1265674921322884
2.9851036293370243,3.4284058306580563,3.077429255720779
3.0426367581381006,3.4918594079828034,3.0973892104916123
2.9985113699588726,3.4134877797800045,3.0054517833955643
3.0344015338167525,3.5629169964024117,2.85119259099262
2.9623784578452312,3.911643294023618,3.1309122850639906
2.971635850838056,3.1280794562327787,2.913765281580141
2.985753084458569,3.5851008404965286,2.805008857185017
3.0070115399649913,3.3876191686158443,3.0052786877248776
2.982135378138246,3.2183785233106748,3.0902267480570127
3.005225344389196,3.097232451744139,3.0816855902641325
3.015728174448563,3.5778184662713755,3.011119917503934
2.9802429002860156,3.177610909840934,3.0001690374054197
3.0219911729085736,3.0827211711117934,2.9633109479548985
2.987155237960673,3.1502234377504,2.993873490404133
3.0195928228656803,3.1783048361089006,3.0045548671887996
3.012934296913966,3.1548396541228385,3.0663743840904942
2.997227100000063,3.071731485412022,2.8062257319446013
3.0076555366386306,3.4670132703221244,3.0174593837929278
3.019724502838659,3.618530155792988,2.9232720723122565
3.008919273920832,3.668578661234818,3.0171004870586104
2.9843038744131722,3.4707771418286417,3.061017485670508
2.973735313806212,3.7607310171453356,3.087420478183742
3.017754827772139,3.1414340279209334,3.088356752250957
2.9996774358385982,3.656143098188057,2.9726580315783817
3.0132584148441826,3.1008097966652395,3.0306116757189567
2.9779687323541246,3.6356274156462125,2.9778486534997652
3.0135124122171053,3.372471491449165,2.855241966001792
2.9880416598963815,3.139828617621912,2.946456066267127
3.0041609404181577,3.5456342123076006,3.1782301698872475
3.0032506134960872,3.15967345248556,3.032224421566606
2.9979664964614345,3.0788545359588886,3.1224234837085394
3.028196327773381,3.573234221950821,3.1570895383414657
2.9788189419299096,3.3132019082429416,3.0117959754610575
2.987529665732036,3.4364685603333887,3.0576699347731227
2.991307247748132,3.546766207043009,2.7992310216625054
3.0069330822691778,3.5680904279084165,3.0535848054464303
2.9936994263449046,3.0780463217696403,3.01682628827855
2.994651813114239,3.5867681966983698,3.0218794657997563
3.009535520631252,3.4894804697392106,3.1194213701126725
2.9937875261895788,3.1082530685744714,2.9836437302802743
3.0264929092513806,3.4387116591725606,3.0326731388940873
3.020363585106287,3.2376602620754475,2.9548231029407024
2.9912812141529077,3.0799751067784222,2.5760202627141298
3.0280789713200287,3.588195345187699,3.0719528926703
3.004961342352291,3.639859342354837,2.983647260098545
2.999168562637873,3.5941036708640994,2.9717766205245857
2.9922583084972456,3.361875609653062,2.9754395453576445
2.9946618340621725,3.523028629401368,2.961945716165358
3.0143247617753692,3.9067930309915306,3.113451075486252
3.002503212861849,3.6456611538595154,3.051652301525375
3.003162065063187,3.3854874499728815,2.998192546641823
3.038130914770469,3.5941543560397586,3.073768241807625
3.0047623769687224,3.5033333252663614,2.7287173374227978
2.999236244045,3.503480092769266,3.0400757302660835
3.0038563651180508,3.5235866585771545,3.0788860294638836
2.9926831260470466,3.502964448387012,3.0182148495952235
2.9923753744268042,3.0803424552472656,2.772082957285231
2.99056898808249,3.461699367975892,3.0150916078703895
3.0025662788124343,3.211066300449586,2.982387868852152
3.0022675448294613,3.13497521353004,2.8384015869247294
3.0219865593380866,3.6738615256449907,3.1077772147268536
2.990626184174088,3.1400044632140807,2.9141374726807827
2.9985535905272656,3.50069546331064,3.0154390581154655
2.9672745559712888,3.4859210064761665,2.749136697507658
2.995583314954243,3.1128517654762806,2.8945801093709136
3.0234684916152554,3.1688356254099714,2.935372650359576
3.0075195473839433,3.3814627654119,2.501681617627161
2.9931498742132225,3.5294142946962386,2.948531175915104
3.012909262122748,3.5067633399558957,2.75702585653386
2.982609548059098,3.405728079739242,2.9962763083036963
2.9885228171133678,3.5553525771390526,3.0147583873441297
3.0055470141607676,3.652251398501731,3.028739476139737
3.0102954330713247,3.152628784373294,3.0432054912819355
3.011538737816549,3.8178327170695856,2.8973896087258337
2.9833945781708993,3.166497700136191,2.996058391024221
3.0257774846926884,3.578289278678554,3.0318789071108805
3.0032542097005455,3.4088879187710974,2.939109458649714
3.0220979196294717,3.4822208688121634,3.0011271123940304
2.9870523333707117,3.37619191919529,2.980332441555926
3.0169926080972296,3.161947087466643,3.0409019840246616
3.0173692286544673,3.5144603985055407,2.990222147167385
3.0417245581397383,3.5682549686135907,2.8430671600815183
2.993746753049463,3.410979119739171,2.997720635948842
3.0052680327042305,3.612714290062797,2.9996579766689297
2.968578368890584,3.4645973755431476,3.009057678018527
3.0104958167125884,3.427195329475057,3.0364214550946893
2.950506385487643,3.111087678098423,2.8385790182863766
2.993036105534084,3.48594822178819,3.0146691382384274
2.988184036081157,3.087069253608899,3.3321550204732766
2.9825177653799018,3.558656017657292,2.9142020724138726
