naive_did,abadie_lgbm_result,dmldid_lgbm_result
9.881237203335953,6.337573161333207,2.7020798523361163
9.36038505638848,6.243987826079064,2.312706889493131
9.465711364543537,6.0540359926402045,2.3747711057207894
9.201435942752454,5.93182940274945,2.3255412203604084
9.583480180457281,6.093393582827093,2.593938102115837
10.044012104066006,6.52500009526027,2.3950019643678173
10.048674828954447,6.445424370192917,2.2416554800312767
9.480309863987497,5.897317688460606,2.586526970017011
9.310723747594663,6.003382941385469,2.6215010328721897
9.597139659050036,6.370374873443864,2.2410482044685627
8.805885690622176,5.826757784136708,2.1770463501176427
9.340521135084817,5.91208211333471,2.758847585049942
9.289725397868896,6.016224359256733,2.505826989416325
9.379185469917896,6.089582829324725,2.6355868636263944
9.68670558058334,6.65926833576757,1.9765348459011491
8.877861885489986,5.991906606147891,2.4509624420624823
9.683493816024203,6.189925501045911,2.083155203899599
9.909944842240865,6.30429239589047,2.397956684849558
9.591978027605201,6.073061298262672,2.2597402502103523
9.443954363288329,6.3173359607447495,2.5922120721080453
9.36531425691513,6.045325719542667,2.6243633854049158
9.77081185145656,6.317944466240135,2.355112099226438
10.072988489189399,6.440557903915863,2.141697532412036
9.543002155250958,6.228192316170966,1.6170036681430067
9.606243605642591,6.328449969496092,2.224716457395928
9.31871620153395,6.0217444590169675,2.516549379935546
9.588408534393341,6.280319182695369,2.6762942039640762
9.391893866064034,6.272547757129726,1.5751808015884081
10.055195491522674,6.602214155353505,2.3846477795582617
9.55835793230629,6.511546419190764,2.375530092942056
9.540296075463942,6.101964766493284,2.718230102257209
9.751158845722802,6.3561287940340865,2.361469347401983
9.91103817357017,6.2643287345715155,2.3796323022009727
9.906446177716536,6.405409726013388,2.111789885634507
10.073620588383465,6.5165754117566514,2.2504464630053524
9.654538275839698,6.250247410704317,2.5420061830989615
9.375613577806904,6.215058491152467,2.3096507288485753
9.988455198805974,6.484375927467097,1.9233966648026954
9.496228720924673,6.228404025176064,2.3212580570274
9.6126672629978,6.187391086655098,2.633536645299693
9.784448602628407,6.265363307305436,2.5156173509474877
10.1713435893752,6.741497755471222,2.5681909125563074
9.163644653176231,6.0139488021096685,1.9869137991822563
10.013474603785799,6.597411561029507,2.0377080296614802
9.70632734404969,6.06088545251735,2.4562828951104683
9.4686665617089,6.283429181793521,2.3137805412496855
9.594445449054724,6.29108426616811,2.340275858995768
9.300198405546304,6.253193434969569,2.378230850729797
8.81717025671709,5.845052402933631,2.3922137722584473
9.628365480761204,6.086515807108286,2.1447653397810824
9.649550006989083,6.218642827073533,2.5208737564478794
9.285905066637511,5.962930128445683,1.9955447934384234
10.060767128429111,6.317935201700101,2.463941420581759
9.666444709968857,6.230978974067234,2.3423070223188174
9.498774591669878,6.246709416973862,2.2679579098360367
9.752744567435201,6.195913961791923,2.654606362002861
9.360092249100745,6.164313781161622,2.068750236514894
9.26294260482974,6.161429479079293,2.34899332206817
9.667700250397017,6.140211167246552,2.2905608811726843
9.53660147802166,6.210925327969437,2.4988124119277755
9.505272468235617,6.059465038943091,2.505896081985068
9.873683999665825,6.249580967795079,2.6334336248729624
9.696761284140502,6.232649349065257,2.0664690444349088
9.631721247277394,6.344747318296611,2.628786881833224
9.769466800056435,6.196499698890828,2.387895188335227
9.815459934200966,6.452296045625463,2.4368061809010877
9.790961018249686,6.34903196028304,2.1212425721052117
9.8467577258807,6.25730857336918,1.8743630443913593
9.841034101784498,6.203490187866884,2.431011642628178
9.834053266323611,6.472198087264943,2.253684939702098
9.232269309230459,5.884632391303293,2.154007417691144
9.801624436866017,6.598435090257766,2.3488716627138735
9.956203050862602,6.556889594819282,2.2769415490166898
9.88646980835987,6.166259693767574,2.0001350776152056
9.519385252167405,6.296823040941437,2.3922255454531722
9.64499544427431,6.198652754589572,2.454005153304664
9.605130024511055,6.148399408159716,2.5919712451451633
8.982840558991239,5.98469764705541,2.556642614618069
10.012799353652886,6.588538164497043,2.521184619005446
9.513721164522913,6.348011628494499,2.5541456225108776
9.33919056126092,6.034408153687897,2.768236166035637
9.524093269247459,5.979309367343682,2.107568894701314
9.629698442201066,6.2159939344214585,2.464002574518263
9.245291429281153,6.201887957197868,2.3872865210907617
9.180984967787861,5.883531001871688,2.6986282332308695
8.943819710058929,6.069618011700799,2.4049029446120516
9.532680426342937,6.218599921952573,2.617148213853773
9.323687959273226,6.202172960007731,2.5179155473455186
9.596374033571223,6.3739788098979595,2.1360620693204804
9.626354699962665,6.432949675786221,2.3637690382095204
9.543256969738877,6.149469908121346,2.3639047347781386
9.496995016581993,6.281436939047293,2.463637057902055
9.504393050407355,6.280107107004736,2.437148591718375
9.514841446884908,6.146241462559479,2.2731481933688893
9.281955916366616,6.106693745224554,2.546072976857293
9.902335918877139,6.436098423177312,2.603279583930828
9.69386190499551,6.227246999448928,2.721989414717754
10.042947192143622,6.288414685932474,2.321686664890022
9.720457466321337,6.2753214444076955,2.082449486509759
9.50869844571697,6.095244788229212,2.1483767501382705
9.609070418846308,6.157519517182085,2.4391732861513082
9.313601605575059,5.827956216842199,2.008968450159161
9.203320466595617,5.861942559298597,2.3915014073965697
9.36669747549561,5.904013487873111,2.1163316707776065
9.792852425247442,6.685012522840373,2.335089832479659
9.932364727720564,6.285808733829862,2.3602695541750984
9.753003310389527,6.3895555664015715,2.3151608129993644
9.548146287697337,6.009766169000457,2.0639636913520922
10.358850211311232,6.682702483347699,1.9789549784273985
9.734671235405658,6.044533538229803,2.2622398155643784
9.505842914491154,6.386141091643755,2.3103845968946475
9.826911052171965,6.169507355817513,2.303773379560707
9.805484874081618,6.364797302998133,2.378698865882463
9.62718577487734,6.091140419575865,2.292268047734904
9.631574182442023,6.390515442114106,2.384775226719383
9.623155860815055,6.190141154937808,1.9078742452892625
9.999542030249197,6.455988724105068,2.3441567457982493
9.379796082115018,6.14692128371663,2.4020802582911545
9.284267550609307,6.077867916232842,2.3999438839441187
9.51696027826263,6.088653344803406,2.703693315956305
9.627919296099044,6.117446416367315,2.6469846935596246
9.322810293914207,5.993380025766017,2.477981241551306
9.561936731242831,6.355139747362611,2.390088818770021
9.3756901298703,6.058763852034735,2.6134049824250463
9.296867581645195,6.116288790143158,2.7017769445560873
9.904343020909597,6.292024367525233,2.29890963309619
10.026106875752598,6.4810110815285285,2.035178985447125
9.718491784029155,6.261157562785336,1.8784141941932142
9.615829400267108,6.194207150917529,1.7383027604915942
9.460224438337885,5.968923509216487,2.0819171251024216
9.44537932956414,5.905531855826941,2.330121973241072
9.332833265177104,6.185865708047758,2.09921713656302
10.21909330421694,6.665590349217669,2.026182851956716
10.122398674682213,6.29726491969048,2.0574084550647114
9.184732231714744,5.816883556742056,1.937705783686388
9.981880572387219,6.5213974537304065,2.2314934580883135
9.907194690191972,6.343011600761373,2.218761465267079
9.415576616295663,6.008982423485408,2.485448144744546
9.232071818893541,6.29684693001419,2.4549000268913046
9.764473124573136,6.483870853814719,2.3932811171144284
9.360689621827404,6.111434457387157,1.615808820617056
9.619641966022089,6.256761543358282,2.232907055124328
9.750885492097009,6.42780386366672,1.9232131110251132
9.955126582733053,6.544524300497513,2.3633230926712803
9.64129179722348,6.101841433611544,2.315762047914121
9.489192546633433,6.003168062830079,2.6321410564810517
9.67117251839188,6.0695523786290355,2.141651514883964
9.924393161522575,6.603425479206544,2.192360655495916
9.677726859582195,6.260974309605077,2.436635420888934
10.103471565907732,6.401372166978067,2.6911633747666324
9.201568048459293,6.028937000927085,1.9365337115914143
9.557791723949762,6.0957165303028,2.5790589502262367
9.400861327672011,5.982542624714097,2.1393123822482822
9.460649933810306,6.159448384566013,2.4695003303199914
9.43276907067526,5.9971542744902875,2.333556290589777
9.71618039737833,6.440336587930975,2.0870815456433833
9.87460635071633,6.132796502714897,2.5129899284197927
9.62582063511998,6.298208446313146,2.3758027552215273
10.071374025243806,6.387244049825567,2.4248563418281126
9.97133688106506,6.3755233696729015,2.4098825571626543
9.36748685826429,6.069765786772358,2.6413128453465564
9.70461313154001,6.212983709187211,2.468299501468409
9.443421512766998,6.149074840159621,2.3878216650592345
9.548601700657827,6.30254537361529,2.343152457662341
10.115285279817353,6.488168265434444,2.5119673863456917
9.670877418324572,6.344699895116089,2.5532765143834144
9.291663049132929,6.125215085448836,2.1668580185771775
9.62981244077043,6.431838861723741,1.9467954318363443
9.412609339987007,6.187156092748772,2.0752237272857537
9.836030659962692,6.393735980953075,2.1354589974843847
9.70004418377915,6.331768632157203,2.3845441721771077
9.77159501922782,6.1652190557059,2.343061095934482
9.634860912943328,5.946433735029432,2.4959570542496388
9.278222701056375,6.050392060786032,2.3100415279672246
9.795956465911225,6.493819367249782,2.3807877481231596
9.666001947503627,6.312630634199475,2.6160266895352997
10.080928231355605,6.2572408876521814,2.91845569113476
9.75043342903944,6.171374853899237,2.1654841538916094
9.712518926803696,6.3718966031480955,2.3477092155164914
9.534092318979734,6.027714929864245,2.344782379397939
9.433408997066177,5.791718056683211,1.7815276233809723
9.594394079193709,6.066817619203967,1.9300255390093528
9.880118090633047,6.437456693953385,2.3777080524177925
9.92168375648889,6.312673596675849,2.4043094517572365
9.869050245018126,6.153715010150281,2.1656687637518814
9.862554069033273,6.395851421613261,2.3202063467860192
10.041136703290896,6.528989060498804,2.4589585689573936
9.689330841860105,6.237457066375508,2.3058596086842673
9.132023806278905,6.010900583241157,2.4627593765000455
9.61337799079449,6.488613938930627,2.3172155448933216
9.567571795745257,6.427774525569003,2.59175987302425
9.290854625101368,6.0054907036563225,2.602199700722326
9.99475597953639,6.2736856152568015,2.030759076927212
9.591023975233082,6.13945879426624,1.9623121648456006
9.252695703776856,6.235873465818865,2.3811529935025115
9.611341466345312,6.235293187287908,2.45356167796446
9.379630187593222,6.051180218141456,2.6344587582792394
9.9341227908467,6.547168923746925,2.6189461842744026
9.918973489263811,6.334922212152944,2.238408019079257
9.071150476899437,5.834303095191441,2.297408538563985
10.019326828756917,6.314872713946082,2.406209090437984
9.865938655070863,6.391594351867581,1.9856102989289988
9.821395457861374,6.462208625335514,2.1731352131406574
9.49094440662247,6.125515889732282,2.1111679186446723
9.585079486240689,6.057867488534352,2.6702704779206425
9.446544695746661,6.180160673746974,2.1485908757308425
9.85254723748465,6.293199883079558,2.368444132790738
9.74476200604365,6.422288673338205,2.4804924985726595
9.74504695719185,6.287786336699554,2.20845997742068
8.96299295900592,5.702506849386832,2.9438743302944594
9.860119078394959,6.429243948073463,1.7692653337878648
10.109777495658477,6.645819604859634,2.4272005304686677
9.601644104010905,6.179444487367071,2.4905434653647545
9.393613362643379,6.031302805792342,2.786102251116721
9.715300802295905,6.2606117977610225,2.302717721901689
9.877152866273677,6.5190996906639285,2.192583423191841
9.44238605493923,6.155196436049429,2.427111465616208
9.49062945978294,6.16432558345151,2.4322312880998185
9.448482082845413,5.925769858679639,2.361310039420599
9.584986264205149,6.220277485169463,2.4196111189671754
9.767653374218241,6.117243190917843,2.294199509418603
9.56681277713832,6.245081642275484,2.2469076162466486
9.517596897519912,6.1094566595342705,2.1826124342392363
9.41247286412101,6.13341851347257,2.483911641775006
9.054639921923032,5.970834487571333,2.438639963764902
10.031198114794652,6.418329362599217,2.17555039270471
9.516857756419139,6.122221676225757,2.4490933613391066
9.5643281233182,6.436641404319158,2.416676642057401
8.714374970627304,6.022983290482282,2.4315560942904986
9.547441107840289,6.032934175729904,2.364911545081478
9.185356544089352,6.115972996340949,2.1347032962216934
9.95813145771752,6.446657027498507,2.520085281117442
9.768368149939892,6.330633188837179,2.2663745665745387
9.418342174101664,6.284735666243598,1.9442727990591362
9.537500721190035,5.93600999531363,1.7902759812629738
9.794713972597265,6.463991968205166,2.291870347130192
9.769718725155833,6.1972154658904435,2.2496369547160593
9.776589193056434,6.132396737325093,2.283441899803355
9.169061234327463,5.753370613489242,2.536642902119344
9.608940546986986,6.178217399027449,2.214322429369245
9.826706259327018,6.389688770503776,2.689039553808599
9.487679433968996,6.395176934700463,1.888690841389898
10.04642588153148,6.652667629618719,2.021534092517282
9.624100734501905,6.127724111053054,2.4112847885929396
9.812832525705527,6.176772288143766,2.4902017347471563
9.253835895701103,5.9030875851360545,2.4825369706703677
9.670420557434026,6.352019947356406,2.0900395860712093
9.635260749289593,6.294779438382715,1.696125416475275
9.663377116419438,6.436722099014044,2.3245852315991535
10.09492670443681,6.388174467290042,2.250025521547331
9.41114086536399,5.812532836462804,2.4654116955418144
9.657635556231211,6.250500843223622,2.619157604770487
9.860081445953755,6.2473117311962305,2.80996584550571
9.516667051340105,6.034703611719983,2.2019366417786452
10.185818216464073,6.344119873909472,2.412737430824587
9.935381151049457,6.4985243921296325,2.209467788866121
9.285771542514016,5.854700727747251,2.4106814962232965
9.937991807101556,6.277214592566496,2.7108564075753776
9.58540787053797,6.125748177763797,2.56232034072492
9.583751433896692,6.355356535957559,2.141189667217003
10.01693119141368,6.508445075200014,1.8311719484311766
9.793790887161762,6.408808378229144,2.1780347634549817
9.595022806378989,6.257660617765134,2.4373496780525095
9.725147222230909,6.248503540789425,2.617043617712837
9.682493192282553,6.002126536938737,2.34558779665962
9.344173052111934,6.196936223553235,2.272330409382322
9.778707082758464,6.167745146160641,2.7296910498748934
9.113303963091518,5.971468229354177,2.5767162273153454
9.653899526874715,6.210956133727133,2.5275173274938747
10.1215551221489,6.643377334652854,2.487971549460779
9.477774943266992,6.0270732931949595,2.5572578027668595
9.265119765328933,6.105992606602382,2.425572110477181
9.106285838161117,5.900825733431479,2.2343771380931
9.29677826531191,6.053384649674681,2.240124894476761
8.966637233921544,6.01095939636595,2.6416119004100853
9.875494227799596,6.461412242684907,2.2929714267497507
9.601915308859166,6.291901411807286,2.502203129454753
10.13044420918842,6.423803613513866,2.010010067227787
9.473897041404477,6.107994651554515,2.596837184734703
9.786028487514592,6.230105129992818,2.394157950396182
9.414712069050571,6.278450277158139,2.2133633371990244
9.6166963850191,6.303746942964336,2.1458909203978003
9.190719164856365,6.026869232036479,2.509548559479912
10.195912341340076,6.598129564368815,2.565950505399643
9.370847702128783,6.030698983675838,2.4802448080594566
9.578161084507443,6.1935353676739515,2.528074844522976
9.91384534785137,6.415111520619163,2.5113237445458028
9.529474636660925,6.043404421205836,2.0268341609728715
9.600399297541669,6.416627238654387,2.409019049727662
9.433971624324052,6.059567713345143,1.8244415325211323
8.936517956483208,5.84358301424003,2.4927072384714823
9.830085577242585,6.285134015783868,2.290531384359598
9.508261183102949,6.273937538912795,2.3170295646287924
9.638539996300139,6.144470725478466,2.1204734265580094
9.429199709409907,5.947454777010247,2.5835390514059933
10.06346165198491,6.395405507212512,2.5378455104919846
9.751308099697209,6.185080379425065,2.597348015444388
9.386026834691535,6.0145464680348155,2.521674444890283
10.026124395343217,6.573937284843395,2.5723699890141294
9.723544953129492,6.384191832810706,1.958977945401993
9.54889720626761,5.80837853918759,2.34964197356712
9.399189891237725,6.202718554967509,2.6311580534086785
9.751763320670445,6.168644508243665,2.1220417595911565
9.370990585742648,6.051536108966037,2.098634442211546
9.87308377749537,6.159514405972454,2.3721129389678053
9.51123874193221,6.040635640294002,2.799599310419259
9.801404877747022,6.421086756788982,2.412662606064448
10.104449381513884,6.482104916515296,2.3368020982539255
9.509281437727553,6.062822690503795,2.3934098605496494
9.544598979409145,5.935225220488618,2.2418115089959914
9.665593291677027,6.0146415086628595,2.4179456004963393
9.779327396042095,6.38457297464144,2.355388316240563
9.654272745974978,6.100815445442388,2.4982142602938913
9.748890518472173,6.29806135204744,2.3845038283903612
9.87087662403167,6.231136980340403,2.3182492354704065
9.607252608663416,6.2728914055710465,2.5224578638802484
9.744089794030058,6.229993685114605,2.199179480177501
10.340673984093879,6.6689168609070535,2.17478317436031
9.151617038753503,6.188827020920605,2.5842484421973433
10.175337169410842,6.734034899620572,2.473615824277199
9.358119871513173,5.954600645119562,2.5470750650547416
9.833040282616283,6.372349534643431,2.2586311012658324
9.46080152593616,6.351085608423366,2.385092535274002
9.108636939498325,5.956161632017838,2.608225082979791
9.838315445765865,6.212494779493475,2.0925721082638704
9.98869608591931,6.461235860141338,2.5339121646329366
9.44392381384424,6.103022276924063,2.6790775046110245
10.284488658570568,6.625585847500012,2.2378609000812486
9.852458262517377,6.495922463051758,2.2298875744675235
9.927242601266245,6.484309461275633,2.1651208651760965
9.694917744736546,6.3747234940254405,2.350480271511054
9.331960050069048,5.984387114070657,2.646876205965756
9.305348675543463,6.134516892266709,2.375309631821712
9.298147238849342,6.265591261213815,2.521301342494061
9.399636843520295,6.306424359852968,2.420900874823563
9.581666044179483,6.221897732878418,2.148358908543555
9.712482939821166,5.901575148477626,2.333628311388379
9.807318849273859,6.156317369081639,1.9501272893447699
9.852430127441828,6.556969815229386,2.17395277318977
9.801048393304956,6.144515922583897,2.2845786878101704
9.850807730909166,6.179021471963235,2.0579707722109872
10.020677493960083,6.482666259548165,2.2948274213972315
8.84628851038881,5.746373395358446,2.4760014891198647
9.916596741911071,6.434039487678706,2.2885381632478965
9.353388589958817,6.237725092358168,2.530157143291364
9.672261667006364,6.463132069460847,2.1066552779115715
9.854260311767472,6.664790658696686,2.3763071264857265
10.209264846299915,6.48048641516468,1.6572778054160051
9.363742586894787,6.14829517129103,2.275759060937936
10.28996757031056,6.455510388504224,1.9959242382769327
9.872604603984144,6.147334637458944,2.265075253810403
9.355456778716281,6.289834147799235,2.782165625735021
9.63274466020626,6.1850871767804625,2.788090065408734
10.133457241484798,6.205077896369129,2.464017539792086
9.329459904630653,6.025685736527026,2.185079307183358
9.247010902445219,6.057311186274814,2.459158068878451
9.278852093324998,6.180888324559638,2.141679049919034
9.132251991308522,6.189546359549721,2.3222155431253633
9.485624490778898,5.9421219044140265,2.242329419284292
9.683277993670064,6.151725614435948,1.8029144025406802
10.02954921727039,6.45318121814623,2.600858520962803
9.512460628582652,5.986694607075486,2.318447926672475
9.521004190648455,6.001239219990368,2.3687336336710594
9.411642169175494,6.137238314598154,2.6462842687469728
9.472674772886286,6.2028677254892335,2.3912584512653203
9.526450100329647,6.217681778162276,2.21294305900012
9.145026788298921,6.0664118261408975,2.2298432803574366
9.881160105730046,6.569489727038314,2.3799898235478043
9.98931962169803,6.35465071722952,2.3230177694242276
10.195718568231175,6.570143131766143,2.1148629113742414
9.389264869392559,5.949377927211863,2.3264990003563986
9.699981399767369,6.180120914850195,2.316633444209506
9.941738203146368,6.331917359639637,1.9536418223987997
10.164225461449268,6.45287761861405,2.105397573862904
9.410219665236792,6.171282111165183,2.528248641415308
9.898468171962413,6.27846813860346,2.5096731773833856
9.606469994679017,6.173526677763365,2.414079856357408
9.461629874298522,6.1676617431684475,2.664104224075194
9.860326785703888,6.326319289093539,1.9947695544943485
9.448434315695845,6.047066138998237,2.2387828347575
9.573476749476972,6.40412458329775,1.879031872242044
9.803520130377088,6.335683808312425,2.601588569918002
9.60245899758551,6.217145009199192,2.4957603393847143
9.42481932576964,5.9773295673611795,2.340211598299594
9.473859815456377,6.015966950560103,2.5645638014976604
9.616398999831706,6.289961352516212,2.3802922141605336
9.781077630916727,6.240764746170918,2.4571068113249934
9.799436090817,6.237245182093324,2.558916884559227
9.412452693434988,6.239921977791176,2.5449051568866494
9.60855203301811,6.409489294592122,2.3449876216152576
9.752981420380802,6.303018464438527,2.5885911887088087
9.864200498152613,6.096701750768388,2.3385556940319425
9.505920095034408,6.209257646280557,2.6332480524062234
9.535327943208024,6.213738281461929,2.5128835118669848
9.237445808060325,6.25628338596916,2.3051309020039197
9.178309100229628,6.083154349560031,2.68533798251754
9.176599153289072,6.09727747108898,2.2394864866247337
9.248874697115745,6.144433365982561,2.1368548955110813
9.049104262502777,5.965156123323119,2.7907874080604738
9.76931336163468,6.344314662311068,2.252541659495945
8.98735277144897,5.799624011401565,2.478524063746389
9.564665829995972,6.170441318571713,2.6800541326717346
9.566527564733668,6.1446376414287425,2.745667508805369
9.402567478761199,6.074636971888777,2.404759820854139
9.772088817027324,6.261492473233236,2.357001896683391
9.707406616242418,6.1500062036967424,2.7508809384180313
9.914321001741971,6.266937855379563,2.5858709058511042
9.575727334425785,6.309378025438804,2.4061507504993997
9.671771227587385,6.256897944486247,1.7282316578878918
9.596265643930675,6.247969641041215,2.1820353766205844
9.562938038853037,6.24204544895289,2.351402739673386
9.199038477629003,6.238077270556884,2.161630870184763
9.256378801160464,6.08979046803805,2.072333565169318
10.132463782858114,6.4513348873123295,2.505661022506672
9.493234333419743,6.212527778154201,2.70370693066229
9.860886030340069,6.742028957615362,2.752607793763284
9.237954796178602,6.049718467014036,2.022824722424384
9.77082767789,6.226708042520764,2.3958600680177837
9.213615260581893,5.9542445187971325,2.709047346608383
9.889470640909948,6.440182610870713,2.1249113448022796
9.710576940614004,6.328234468949214,2.3054224147229103
9.807161004803955,6.450519660398288,2.516951602836067
9.716509784074017,6.4918882784609835,2.442471878462988
9.727711920457779,6.166381819213635,2.698676114665999
9.289605857820737,6.094060323837105,2.3432662418918047
9.663661546059789,6.3085666888727925,2.391668671064676
9.375650590597646,6.418996743071766,2.7336714995808027
9.624082315920216,6.037903271028711,2.379462186351444
9.1049237489085,6.038115628291103,2.182980458053682
9.284255026325102,5.91947210454928,2.7777854306944754
9.860791557132867,6.686925302820263,2.155492283516285
9.701997459770265,6.4201299561345335,2.4615258477065214
9.329835259018374,6.00881872370625,1.8416338538860066
9.878566045528338,6.372068510033199,2.0421816217151143
9.32466198535213,5.8005891162651135,2.1611289447947692
9.47212708029403,6.011212726028411,2.4626678137788676
9.314337008342068,6.18572926945012,2.073346479811066
9.830569363468491,6.507550664922465,2.2325647847636976
9.423949484921494,6.322601248884202,1.7141235149843608
9.955530999892606,6.447648040640062,2.162450352543237
9.26920724788954,5.997598801254542,2.304370502763308
9.528162720980415,6.042444717625085,2.438833654851268
10.00518978987634,6.34227699279955,2.6073007932609764
9.599576188280125,6.307657868475308,1.9333969160202922
9.44134994241232,5.965415305544214,2.447595316222249
10.12033444584496,6.344067959530504,2.2806295484176955
9.313691277664851,6.137667910309174,2.2580305222405226
9.462408156621247,6.273410080456034,2.3638391412464252
9.485184549468537,6.142373520934825,2.2732123577976577
9.675799639851814,6.057638057656695,1.8791382742007086
9.271339291677036,6.025432878318488,2.5424516400433994
9.659967709970296,6.496862960188862,2.2227057814117233
9.634309102629597,6.14191324989869,2.4711922789188954
9.847500936547174,6.064962970149178,2.2940950267046443
9.441405630672502,5.914945981988582,2.278305058898626
9.727336801872383,6.293703677474922,2.375733931943817
9.679388383874556,6.303551012472657,2.281688682380424
9.758896782166854,6.399261621334937,2.1380768572585223
9.841569958110476,6.4584769009367085,2.5864994295198107
9.815949209286995,6.169823483275374,2.549097737232317
9.630912102624778,5.977797492950911,2.5646711575020182
9.867607448632654,6.4291121619118,2.1854988314021915
9.411763969316043,6.152447785832951,2.3682379394906983
9.681173409425188,6.349772818915947,2.430637065948493
10.112982612697119,6.376468661367041,1.6693250364795609
9.579344290371505,6.372460948303516,2.736565415687543
9.663876814838869,6.042038063988123,2.0407339032878475
9.628724336956376,6.204793385363864,2.4908963851881785
9.464611353341272,6.061261917073885,2.403506434862919
9.24280917924088,5.837086121915304,2.474276042200747
9.39962791679115,6.295657996331961,2.4119928651470666
9.980960885060808,6.4513827643810915,2.21907666630704
9.720018107738092,6.287375392416591,2.5878161578657712
9.691760620035563,6.0971288279809865,2.5887505092629852
8.956747459879555,5.877621652004951,2.448319582615059
9.634210334047205,6.180766444804128,2.2878123869577376
9.58489503723029,6.036730614851921,2.261280002338898
9.355534757286215,6.211595181058866,1.9425307413798687
9.28625438939476,6.096306134161613,2.4048993748380694
9.692903715451555,6.389432122134988,2.2359114436452208
8.935041342277634,5.803478524027769,2.4452447596251554
9.477506009353101,6.093186619802277,2.3210599110502264
10.02915826606203,6.48487655871678,2.151058859800841
9.57358918842694,6.206181495113906,2.710559265587502
9.516221721820548,6.291397194774159,2.447073791830257
9.779326802428077,6.209343608193614,2.0459717203987555
9.545554011014804,6.248732053425433,2.3315605401715525
9.540491806392751,6.266608819474783,2.2911426381228646
9.616325663649356,6.12070862538094,2.54059249398121
9.866595349042601,6.28222371569537,2.39547628331683
10.239703240416127,6.771362364998321,2.1179060520479864
9.611868544273193,6.332359232831769,2.803242691139059
9.855422533301681,6.050497059984208,2.1648515804367943
9.002073207071218,5.893683640656139,2.454501521311765
9.584035864625765,6.164719020756162,2.456292481948166
9.520801641366461,6.266020264827173,2.3582725121583406
9.265098333140305,5.9481717826474005,2.2968223022782364
9.554078108916649,6.118997672507794,2.469660842267275
9.791645279965751,6.180981071632081,2.550409860817525
9.486945516105989,6.0843131915363955,2.0868777340492692
9.208443685588847,5.798841070028318,2.4192759255611835
9.258853950947962,6.182584584096605,2.3523485304501195
9.25208043626551,6.148901392755362,2.2732422645011487
9.209259384338012,5.895415461524729,2.394275527119981
9.548282264383706,6.233838075634005,2.270717796579643
9.010917543994651,5.9429715545613355,2.4738853446413707
9.582808980041644,5.99654305317898,2.0798399611286693
9.36609879043585,6.175687581303575,2.422578519956579
8.989586467821493,5.8334487706178875,2.5255666729179613
9.227245742100738,5.938800140620037,2.3575101583768197
10.104502438169494,6.316368916944621,2.2337063276850126
9.397047633708539,6.07752487240768,2.315100618831949
9.313569923406048,6.135967781858917,2.5882506687637417
9.652495777570127,6.284709290813977,2.4055887190554035
9.650067525800921,6.141659364815095,1.747116105597728
9.884478541640679,6.319300170921354,2.8994085981666102
9.24253156742504,5.98970994890611,2.092955241314863
9.9812927521203,6.27868584769346,2.4993300608290934
9.784564921713375,6.517494212174042,2.4496087088745724
9.342712478455606,5.961661060883367,2.394719777414908
9.420805275310792,6.0044041858609125,2.1911064305086656
9.74244009468649,6.259469016297266,2.5223283533201286
9.584180483635423,6.304627039469354,2.501068771915948
10.198100059805627,6.2971904966790575,2.27427044268119
9.731719288880551,6.208622255014843,2.171074196211851
9.67823331779875,6.527990913042418,2.3548300146652075
9.722615450268774,6.223634410835353,2.266386319716225
9.679503357795983,5.996810973212009,2.2174741517663064
9.817199515890039,6.381691574808664,2.1870694724637643
9.59801652794911,6.198277111851338,2.389962950318562
8.652550101661419,5.860337648739869,2.649805941773346
9.167021961552498,6.0359826153167395,2.454417903766003
9.89816452402938,6.314386138427808,2.417308838305945
9.683707634435759,6.027052756825771,2.6327436267890247
9.733436067416275,6.418287770097447,2.141168977486811
9.700946928159253,6.205803947001313,2.8108170448608503
9.439509325168007,6.022441792436421,2.3639035639248513
10.337920883316887,6.395015897592057,1.9584883900721075
10.096450815930677,6.464486724023768,2.629732220032192
9.537223419231296,6.20791878983407,1.96849285893783
8.65863412315177,5.664855601018541,2.52072127630923
9.589575242427557,6.129797148320888,2.3545516444411874
10.36330242091591,6.612356997387705,2.092270678141355
10.247291845922785,6.729815333222581,2.569980453569319
9.585615304318102,6.110494676051613,2.5404552593385015
9.519536272458875,6.167883846406443,2.4164924979113827
9.391194937008853,5.9198958788315945,2.061753834796378
9.469331952427655,6.103752059218572,2.3408813567301086
9.674452747714355,6.144183870393284,2.1919860888480125
9.659129224469002,6.1517182310878145,2.9406327278194864
9.441029142486991,6.273548281972359,2.5287169936880627
9.631152181317947,6.073808590491743,2.4778921797273696
9.932015881477394,6.213589428275666,2.2039986796323205
9.538512411359633,6.259558905172989,2.2093843341992745
9.05843621279644,5.888043237967423,2.1168072438345202
10.027771436827138,6.409082746845638,2.193867093758584
9.330131465970656,5.850492259298331,2.5013618874890957
9.680036224708573,6.061337728653107,2.3105709954410294
9.593374059627124,6.257427854783488,2.5981635490577957
9.468483245860481,6.250644005609864,2.1787139182183974
10.392544129535828,6.526698567722855,2.1621470328241577
9.590126856134603,6.213060504798453,2.1222951054915926
9.532335532291293,6.324674759192174,2.703780152371101
10.06722203812124,6.656160775482371,2.3464708629486966
9.81617819555445,6.6049961155741315,2.3567822816620723
9.567169743533144,6.436092072775493,2.700312961886524
9.353326441302169,6.075697434235915,2.118221978949334
9.726125251157022,6.232036329746897,2.048431497078326
9.443394648103876,6.114160594950011,1.9037951791192618
9.699991690478132,6.267445377819723,2.109030362703709
9.047609959770934,5.906083718068591,2.7380859547126413
9.276896094039817,6.043497164554119,2.8901311806369394
9.086384722972431,5.970688438817419,2.651481957759768
9.819203076886286,6.326251028927399,2.0171022999084176
9.942810761599556,6.248603838667124,2.461499799441245
9.467946588994902,6.2616556644496395,2.0621845273835944
9.408622409318012,6.166354978126704,2.360064014378194
9.514074172563113,6.228663594911435,2.7155171752090976
9.02808792206692,5.916966947835642,2.5763795463292674
9.561881328018268,6.66455581169977,2.4190048472308336
9.55759491867747,6.494796885156806,2.457860964023454
9.293509921323787,6.225554498396486,2.403517496951693
9.704417681979063,6.583629296439502,2.258053613953814
9.603219727114848,6.133734862435687,2.54301184036524
9.360182595544845,5.9849878112210995,2.4759263654375587
9.824382374311298,6.377145180061902,1.9293913955945907
9.473414407247631,6.436442392255236,2.2875613670985917
9.36831697369524,6.269023270113059,2.2496053264867495
9.887064934818447,6.2544266536758615,2.1540847503394898
9.492132099155874,6.096583427597148,2.5596364581586633
9.749374663371054,6.104958812501783,2.511091704242676
9.370056368434241,6.159853174437954,1.9593802574200399
9.69330248276502,6.226215175575133,2.4101557559584244
9.377404778827522,5.938952968824327,1.97824210202777
9.46324596638043,6.071685305497035,2.294386409156494
9.997028706032097,6.669744332101376,2.353152903988793
10.340462897840162,6.551821886503558,2.2888611496707867
9.55201682581491,6.366282328758022,2.051153541874903
9.606625628850615,6.0655675976255266,2.356247732208962
9.430085221814455,6.1261082676456535,2.7061764165843565
9.444019058053811,6.067751086544107,2.23374095913017
9.545044773296873,5.916774557816286,2.432368736028459
9.599493745532158,6.0862984863675695,2.5200504943949342
9.786118415696622,6.56443162015105,2.9630589105145226
9.334832984645718,5.950533516918236,2.533057008403511
9.601828873902154,6.194962132052943,2.3316374626850633
9.619541530011361,6.3494229589821805,2.9718340648930335
9.331041760281765,6.058932980746585,2.2203385907180584
9.3874046731339,6.266720944447102,2.608910249469101
9.81938748746761,6.277906848322077,2.4167274524361932
8.954525603722708,6.048267380495985,2.4959902751413647
10.026137233590122,6.302767301085044,2.141625315279109
9.469301744604088,6.380362203819726,2.594457351209187
9.492608644073002,5.985161995850024,2.3476543791780458
9.064580797394306,6.0169485635186595,2.4241681107303004
9.237836456579334,5.86296103878328,2.0949299947499274
9.98364506479274,6.448304822375547,2.5173878619471948
9.680376538372464,6.356741523398858,2.243759402110652
9.485463350672724,5.991094130822218,2.1926063797890833
9.650873221596653,6.085988140977321,2.409267764633065
10.118933342426379,6.261180190377761,2.143677026440832
9.878807807645778,6.488253767515895,2.313088577220613
9.388299426240724,6.15883490788852,2.6332262247603238
9.733200956717035,6.145264334179258,2.432475515851035
9.834186919593275,6.290971401005401,2.562170927456023
9.484643910893382,6.082105984820102,1.6027174810224347
9.858850042440002,6.378367701657672,2.2624098462732416
9.911726413704322,6.178242803173957,2.3111091145290477
9.895323648408285,6.339828071267215,2.5905585019749586
9.833656314919025,6.319904431644058,2.0713296993865513
9.917073487390276,6.448419548663556,2.240031289933983
9.671499807684455,6.155062278335946,2.5032408875719403
9.612440276518985,6.3656179696727415,2.3155559942617705
9.963921836193014,6.5171317174172305,2.303456937856364
9.503270281811627,6.1258438166176905,2.1366422186342446
9.500537300597756,6.29914312471318,2.4646638679659363
9.211979068456236,5.969479628606249,2.4824820208597904
10.377235774626632,6.623399639149201,2.737335674410308
9.73021103490193,6.369817125955598,2.437392148467076
9.515757358668228,6.0193689498531375,2.524770551493024
9.979253382957795,6.3599691922292125,2.2107091227868345
9.514634008092738,6.114107283538343,2.5260512785118188
9.513525571434638,5.997843265851054,2.888011806658021
9.602256246579898,6.2275338111899305,2.356338699361305
9.35726957236232,5.9511332562875605,2.6123171452821072
9.756420059024695,6.425441079831878,1.7450606886698017
9.845581874651492,6.224172849447932,2.3274525154898633
9.245186661144668,5.88307337208034,2.045108405278825
9.26870257311067,6.293705923201392,2.806077403347181
10.086783656943933,6.550544300887635,2.367857404821664
9.504546862249056,6.204810061948253,2.3354993122042944
9.744013910951526,6.086037802924996,2.1350694576946734
10.26832479382316,6.640821770892452,2.2312825392425486
10.305400435398433,6.898214983065471,2.544148609765581
9.748987531730501,6.233788732086623,2.5169703091740763
9.851674256787447,6.292853248929784,2.6080880848780303
9.505324862452408,6.300663797533798,2.125985904645038
9.485229918543691,6.099831036596421,2.2585875450153745
10.053689924662098,6.59858254469999,2.2691792728624476
9.898657141322238,6.309694383270157,2.7994787295059727
9.925051949166162,6.1598953203438835,2.0791658363451764
9.304422941568525,5.985345665645489,2.4594890920445303
9.667186018100868,6.070181054115369,2.194552204610771
9.135942450750528,6.056499034091707,2.168773073486505
9.563671175288643,6.287847834502529,2.244655968184035
9.748089604732197,6.311980117733544,2.496260990718519
9.90813708662579,6.341922061583162,1.862604655166713
9.569940138961599,6.298535519779623,2.536792019239628
10.285470342388074,6.728342128272193,2.5170751828129445
9.351661358431372,6.279143195112213,2.3077385745503527
10.62218848338425,6.861467356894003,2.575746138759909
9.129349611870458,5.930863593783422,2.4300128915678734
9.631175010263481,6.259811082897346,1.9984388063323402
9.749796658172471,6.224050036553471,2.2782478830528987
10.27646674157139,6.755922543717307,2.423593169385816
9.526043380982689,6.180779118633983,2.189415193312321
9.787448839985696,6.284228275862726,1.8905918905676933
9.85008027516055,6.130933474451489,2.1068198174018296
9.3012680615385,6.033437972278755,2.3080284533015023
9.620936310229597,6.135319925808681,2.360013759032883
9.631144248059233,6.2685447855282455,2.153682544791149
9.475511726687738,6.235736822016818,2.0909295352353436
9.605588396428445,6.094413499964297,2.130584879765184
9.470179115837468,6.34269532199123,1.817861260220363
9.979487449223939,6.2998477504083725,2.5202263767924675
9.841550361656049,6.444321479522303,2.826734018257345
9.521631656461066,6.332066413806961,2.366428515368851
9.777723072413984,6.249846705347553,1.8946854375910445
9.688767928868568,6.45899956892644,2.5666047449389477
9.583232626277145,6.065455462752201,2.0009857109110802
10.142220333227193,6.560398254688903,2.29963866747285
9.449948072669907,6.04830116898028,2.4207022625173114
9.938048499829714,6.289784487327501,2.443963082843637
9.604724570547535,6.1125839293189985,2.2065822853524475
9.468140235508411,6.221496775140399,1.9423749737924996
9.3864351964723,6.201505021899505,2.657793746465842
10.005114723599332,6.517927105833044,2.361947301171806
9.348094365308558,6.117290338709231,2.460813489711008
9.904810137397341,6.323014487635741,1.8801974905977459
9.787569633293227,6.440162710432967,2.345573955136644
9.74860548678883,6.378861200542729,2.1558418259084253
9.385427689447166,5.997057954759484,2.16285022687726
8.80685203600156,5.703806274990392,2.510554370030645
9.099296323526758,5.844779174906401,2.355014087764026
9.657199381220867,6.146160897365328,2.410167159633784
10.116565637006433,6.67322284833542,2.3205803877585094
9.417321531998738,5.823297799857108,1.9716849153481961
9.447669114759485,6.019425346995785,1.6284003981496862
9.681193957825002,6.390675003819498,2.5063818064492365
9.788598899181547,6.175001806814488,2.4591997803674213
9.676722906337623,6.3154771517517725,2.5051270638368095
9.842350227801354,6.387442949090629,2.084910892614654
9.596522321664757,6.01110346651713,2.7562401747722305
9.075812525941174,5.848059431225096,1.9536306236217853
9.70192079107055,6.418052190403429,2.192155530740438
9.547008890934215,6.137437360417161,2.626968358108212
10.064251248310633,6.630947937386025,2.2801445279746777
9.52410901905708,6.168475157229441,2.2537842955997913
9.795783673456798,6.208973965535955,2.251818072418472
9.726366953098266,6.647605634503869,1.9503534905585687
9.549158168793472,6.187391238059945,2.5845714671979145
9.717377844920179,6.285124762734837,1.9096805679714606
10.036348507691205,6.665480611877532,2.4458743237448446
9.339133084557657,6.020416663075672,2.6743208095332287
9.448607382985477,6.240990244401695,2.4219171991649366
9.876598794352287,6.447755269566368,1.905324060858283
9.64061929267428,6.180284003602775,1.993146128079895
9.813531178276278,6.442911059638289,2.432519654976083
10.217846544987815,6.553243150531384,2.144500937558501
9.67403491661229,6.23074221317386,2.834909027029627
9.880729069042996,6.23346005222477,2.6435615695887846
9.067850861111783,6.043440300020447,2.5675023219296085
9.147070218539355,5.822668953220335,2.1874418446801043
9.739750327637008,6.284564727062305,2.244423048336036
9.676190251251523,6.244506901427026,2.4846204743440086
9.484387330262456,6.246977467573753,2.259668820834874
9.728131527478869,6.204322080579192,2.410328592309688
9.831638779890392,6.571156761969476,2.4967625135150566
9.30720069936141,6.103282793785182,2.3902600998302117
9.514406744213385,6.299012026956661,2.1974465309080093
9.516413207677276,5.987714628776236,2.75073540697073
9.356400923780486,6.1984431832288225,2.566174416325148
9.570201254901832,6.156918650389943,2.0882176973000557
10.159270109013788,6.450981564762247,2.5777310360020964
9.91994355343618,6.19635403623703,2.2267242356873522
9.469209384789036,6.33771418676257,2.1562048244809384
9.703448387288624,6.321886299889519,2.0441904709234464
10.109599150898006,6.34540063289247,2.303003285588553
9.555305380693103,6.089309565343474,2.3752166282548015
9.942079247234469,6.45706140272798,1.3491924787809124
9.473146150907537,6.197112571108724,2.3613896731688886
9.665672728320775,5.937768712385465,2.1490714694770197
9.879475691716237,6.451098016830892,2.716151474563791
9.765401996082076,6.435736121448146,2.138176762694701
9.751559121124057,6.156978410997528,1.9117825180881856
9.912720977875281,6.265918256875338,2.249211444678378
9.178514105249498,6.160337359464211,2.6158015100269125
9.913744226561278,6.350286473266051,2.222063473541644
9.617044456156016,6.139386188861924,2.673083463786928
9.512138841710232,6.414126447662144,2.8433343378296447
9.03401845223038,5.752881657230435,2.4214256266624203
9.541237281665158,6.044964322247911,1.9656314951145633
9.892759961235711,6.011065471315617,2.380868087120196
9.250542277945879,6.2310417753389595,2.4113058728753805
9.91252174405959,6.401224921904215,2.3442837978448514
9.533731197125219,6.412928173202217,2.3353120812488353
9.788422803826885,6.467847607707289,2.5732574708470475
9.856566477018314,6.378104400094604,2.167613598107797
10.129504652674122,6.336663073151246,2.294119067785841
9.730894105711908,6.299388074679631,1.9725278271504634
9.582892744967637,6.26761864135,1.8940281818522755
9.539848846186242,6.293678258227278,2.6161752162095597
9.859592004741605,6.333617245508169,1.8599573773060194
10.021469638361545,6.48035781847997,2.5244757040951438
10.080364326465237,6.472958816724191,2.407592512658851
9.620559144103257,6.420788086839452,1.8583059658782104
9.621073759613349,6.246933864610178,2.5637204025516964
9.776821178112515,6.3967681197365724,2.14475302343556
9.862658334218901,6.644789061815953,2.2703243766011925
10.243130414180952,6.401338908718268,2.0147035945752263
9.677907326206082,6.306258136309753,1.9305579976739087
9.562759508039358,6.380487505855894,2.5181501426173494
9.553294314898668,6.330423006412715,2.296340971029174
9.535410172340804,6.326688077432754,2.4641464996353837
9.307831896789875,6.18862851689417,2.3859632920675296
10.040142020132645,6.158388743544614,2.119541148469364
10.263037714323769,6.6675296961387325,2.6892337012174097
10.252874943076812,6.576826598247119,2.033008612498514
9.511205927125673,6.189938878924478,2.645462232626416
9.545259456675648,6.183164669008026,2.4410785818785126
9.765948449282028,6.4501393302702255,2.496612979712149
9.426924022145243,6.226369829755327,2.6582688068529654
9.448297118534704,6.129797092704967,2.146189101348689
9.552336890569972,6.201513341737361,2.3042220292371476
9.882237478520604,6.396807816972123,2.410068382615349
9.40719453498586,6.280742911052373,1.9459191989840474
9.736065072054807,6.240023108131753,2.1483727659817085
9.82580995462407,6.305436979605667,2.2136367408214372
10.055128894291617,6.447889871616596,1.9606523711001698
9.525113509267413,6.380162897828036,2.3642791659704967
9.625978545086348,6.296343750636958,2.4918025387926424
9.970826850337808,6.431973814103055,2.455210689111847
9.373025087698833,6.161095621820017,2.549967968285944
9.69741643058477,6.271593058399392,2.4622328090176535
10.098889177986713,6.445579740881824,2.542674104723615
9.862813971552807,6.310692290444301,2.4374983081244483
9.276379085977652,6.110467292579094,2.301528584359608
9.867239985156722,6.211777258314856,1.9124913557979712
9.608499700958461,6.166076183199234,2.426721152557901
10.2901093152159,6.3988452978944155,2.427541199376515
9.90344611604603,6.694369570028866,2.81140181589599
9.723405661439394,6.039316416912827,2.5299507599368134
9.69129184019885,6.404254954842221,2.2644379346445955
9.3318996092496,6.30844817625155,2.4877252655526156
9.6714085278159,6.419854968556783,2.382069252196845
9.527050563540318,6.020646007579374,2.7172866364210657
10.163490683640433,6.620066379894054,2.457704210783871
9.142941420815333,5.832309597291311,2.449052652419346
9.631255060566343,6.249927394265082,2.325680542080638
10.223252045312845,6.18118418071826,2.372255388701006
9.665518995510217,6.431334428507689,2.13549242947258
9.672730345540703,6.108499111272891,2.4662576607271887
9.658940442789241,6.133654287295122,2.10633320692643
9.824856649742022,6.240546087380801,2.2757500292578348
9.685411661151331,6.383129228162056,2.674722250705268
9.24644061324097,5.916907440842184,2.3328865305639983
9.549769327803114,6.1956048610035594,2.0185809578798146
9.262230165584509,6.007283374141905,2.424434460111331
9.443241487958314,6.128995716009106,2.5136181800873567
9.870103210726562,6.500082908679815,2.2203576106776914
9.395188668938756,6.304782857075254,2.5355596066166877
9.611184398986122,6.070738774496253,2.068969269194619
9.537572240900717,6.237234593957605,2.1663920547616273
10.033704637682415,6.441477131674497,2.356208577412194
9.922598288204133,6.317128253624229,2.47602573861771
9.311658069136616,6.124102600048145,2.146417496314054
9.505626192386242,6.117926973611708,2.2969999578242373
9.674845577316518,6.241553253317051,2.2350714658299156
9.671690458780557,6.332126616854281,2.6839672805341195
9.618124171763508,6.114470135400156,2.213537005672987
9.393136396964813,6.267641160130244,2.63839010210289
9.857202766723503,6.42778586332989,1.9380350339388248
9.62916272058109,6.318850807999922,2.4849850469542805
9.707482639856307,6.092093283611061,2.6743233280917798
9.85521990491886,6.129142219317204,1.9646203724614524
9.656829941398335,6.166870303591208,2.340943075038256
9.500762262225845,6.114046811129531,2.6458225511340494
9.565458351084391,6.151355840601485,2.506084509298071
8.858362892458977,5.78292129276838,2.5098574850761572
9.979627498945828,6.374874014461308,2.4612881354030396
10.035181979946291,6.346547571021063,2.1983916071357648
9.492197853193646,6.2699650473574176,2.1202130421617156
9.59007440735419,6.365363437514595,1.6935014489664966
9.61458401165202,6.049455723179729,2.1029080595033367
9.706074182156192,6.479916471445898,2.598804125969129
9.759691604780429,6.265294646489696,2.5383069980052273
9.559251246179604,6.327450927144629,1.751236995381442
9.893317401927758,6.2695571890621045,2.305995145174811
9.52336866698734,5.903059900472312,2.4604053097704126
9.11828203216717,6.003561321221388,2.5486099949756422
9.872761936630306,6.391684730182394,2.2023825707062494
9.858308815410478,6.244432831545329,2.515479035272026
9.724078664820047,6.138326266514136,2.5852894281627274
8.970398930863533,5.819059686577781,2.338706380056012
10.201672404886644,6.662612576686042,2.870831845955224
9.344067405251945,6.336150641488142,2.2713775272286814
9.8871632662825,6.2938526483718205,2.0209781681393046
9.415136018566091,5.956264407797864,2.0067469350553555
9.699792942188225,6.122160165115279,2.557868943830144
9.27169637781316,6.03914321521061,2.650197163082865
9.784348714462539,6.2844618290187855,1.9348255668469305
9.344017712682032,6.0991829478721655,2.630420042973486
10.031287475400788,6.267624714292667,2.1952198223771746
9.416165865283144,6.149306803089506,1.9822650212244088
9.935613400499665,6.369433224615699,2.371343901798907
9.753808356369447,6.208236354877903,2.491074272657625
9.044327073101837,5.894641831303269,2.5402183146081136
8.8662977758314,5.75152517130067,2.454827702812971
9.454936504474496,6.036309973455997,2.400790984946382
10.11023808474819,6.323579624456785,2.298629254166307
9.411658534692627,6.081448041696545,2.1665634884842997
9.613217280859875,6.228396596067106,2.0000241976372677
9.261165222840717,5.744062685818416,2.379998973670657
9.574903029127505,6.303681396153984,2.7763160877686994
10.027765426704153,6.731191193182356,2.4697395454192654
9.974206464130644,6.3676359536158325,2.355990824666011
9.752778737997646,6.272997347462695,2.1365697190179422
9.709648877547032,6.204335038006411,2.3508529952733874
9.765708771451788,6.546123173440512,1.7601225371338993
9.830915229332621,6.596841280699543,2.5754634495635713
10.207774848957989,6.539515914712114,2.1076606286823845
9.319645058437004,6.109336464629734,2.3975203684289026
9.876510196265002,6.273660710387845,2.1377217419438024
9.642277925529262,6.463252167395572,2.3991216289885067
9.6930280076182,6.2063274753867725,2.7950099376593998
9.170114782354421,6.034281505063178,2.5442013046359557
9.904747657516161,6.386695296598735,2.360787367442196
9.62171684980946,6.397239745081622,1.2888917239951063
9.44093166005235,5.817270963004746,2.260928452873177
9.965989893575106,6.2153665954801065,2.4090018846551384
9.695264942620833,6.153957458949511,2.3674800554430986
9.411569118350382,6.100568647336991,2.6661831710924924
9.43027927586526,5.928000703102717,2.188298319036519
9.905119595809547,6.435366514097817,2.5912112730480414
9.48411426445287,6.333102475328113,2.5557979420151464
9.333859338769415,5.987875669257253,1.9888193926790625
9.285542140909989,6.164516746589914,2.3294271925476706
9.690649048870668,6.228245450879653,2.646326051913383
9.814946709976505,6.191528107272479,2.2729748505138367
9.147702841388572,5.744738194159085,2.5355662089466016
9.717909972912896,6.567416002587302,1.7644119568540075
8.952113243171773,6.035785720618679,2.310995101240065
9.530952249520123,6.1167787140400876,2.2339510513328946
10.123692090788103,6.215479743853207,2.35721566892854
9.952669494950154,6.271788917292244,2.3261590545596165
9.449332447851496,6.151940690542844,2.120934885435956
9.658197941345184,6.5924837790750335,2.1311524424207384
9.51813295006778,6.230490670504766,2.430966766949255
9.610157554275245,6.35778794387686,2.4949770901519734
9.63720257292806,6.147418834318943,2.452656769892865
9.988198051134217,6.429435406884288,2.6046350116207773
9.596520341507997,6.215921220960925,2.1174125380865214
10.039893324281316,6.5710454512972865,2.2881880487768944
9.085181076281717,6.053146624877352,2.1936604955200494
9.740566695113618,6.365969728426991,1.9146185748479487
9.657884170319008,6.208204265839758,2.604593688154922
9.618001170269839,6.22058224507689,2.4633309288883622
9.713765313386137,6.0820358409873485,2.670014448621501
9.875933296425295,6.4590975289511885,2.347285201770684
10.258526528750785,6.507417734460668,2.437604287076864
9.318205549082286,6.136069293444523,2.206819388736693
9.874028664825447,6.226428062910288,2.4825754895357637
9.590041296291783,6.094266255175399,2.4345992309415543
9.360963713126932,6.133295355003701,2.3961941911673814
9.390399651121594,6.01286421826631,2.3730629173960534
9.507270462281522,6.163267081156057,2.332911103662572
9.801134998475947,6.436992008577652,1.8771945770589762
9.914038501960295,6.415597617186107,1.8046009013638524
9.844208279131692,6.334058614853572,1.9819965331777332
9.51739583687823,5.999445765701479,2.7900782045121897
9.361580633716436,6.005853658528505,1.9691827184356905
9.908745836646103,6.405233105105103,2.5635853200608407
9.141040388214464,5.836089436940741,2.5216963641538532
9.405104026157124,6.298326624434809,2.602463828466679
9.445911034762894,5.965372875644993,2.5012570036183615
9.661463489932732,6.147301725303497,2.290057357863682
9.699111414879145,6.190032379009924,2.622960823317599
9.781983331815763,6.205307131846863,2.282064591960958
9.505077225935441,6.0020556921156825,2.4931813625246146
9.395645816927956,6.154394002850204,2.598633096434889
9.120007373534378,6.0925131315603425,2.885914589871102
10.170417826483174,6.60366277377704,2.0778301858905124
9.423698844618812,6.1499251686791565,2.4883390660938485
9.720099927073209,6.106698450944066,2.5010505022477965
9.620761823701777,6.146292990258927,2.430236794173406
9.482473984196123,6.087613868410777,2.0553283860448746
10.182851790977427,6.431593795098913,2.228130624053155
9.78708067570481,6.560351928454476,2.4257520032333013
9.515091683651661,6.272918961167423,2.233131412426155
10.05082242100468,6.465257250812243,2.6145696073824753
10.061290192364165,6.546290479211257,2.0740724979766716
9.534557605709686,6.222897590075321,2.3817667955801216
9.635979174226694,6.215577340487898,2.458122561322269
9.577107740343585,6.242635322184742,2.2303696636855563
10.09420885316132,6.38733527051552,2.2173087754541756
9.654941849690195,6.34990585515423,2.580066704844411
9.296894131459112,6.017011028852259,2.486655662857073
10.073666742660766,6.4276728429881445,2.6637682166161016
10.077676346297576,6.671723297620607,2.1547839399246707
9.647317304010931,6.3394419938818345,2.419374857468635
9.501008635598328,6.06611955553568,1.935902288706814
9.336593608681735,6.120986219136629,2.4460910833418303
9.997722034817713,6.529343475596995,2.541398889269693
9.680674506538045,6.2661501487779425,2.191416577587953
9.50585215157771,6.072228857988954,2.5606006018174297
9.647970199903565,6.22046782645439,2.2294608321824336
9.806240033961673,6.408710778263879,1.7692547397206957
9.648952320330231,6.179821202862583,2.213418192802859
9.239780599907785,5.88603055431919,2.249203057719028
9.501621924996215,6.222145167317504,2.3674759028009253
9.73940600703611,6.402443899212221,2.4747955012101137
9.642049442348519,6.184210256315424,2.638871657327337
9.866761947418233,6.242756970956531,2.285699820294057
9.92601154531178,6.536576507259584,1.9803812536086456
9.30006823572382,6.005773592683021,2.244737822847695
9.837573167184107,6.273695158022631,2.3638417675173726
9.073735015480025,5.915721310996747,2.412138754724259
9.833613623660474,6.242211776131054,2.3326248150494635
9.846474664505081,6.376561605936888,2.415285474648977
9.7491701946008,6.30127836731842,1.9051564987221408
10.303682718442555,6.476022368090496,2.228845228482108
9.221966574284625,6.16934958881524,2.4917998564292656
9.385937384073179,5.963445004446445,2.4427857478498067
10.111404182735914,6.355494775955377,2.836526923615457
9.426994202878813,6.068728741724725,2.414173740556393
9.664342177540792,6.002938039887388,2.1259692333486355
10.095467272745521,6.332533368469166,2.415382550252118
9.683858910586906,6.26326807030983,1.7411593139214707
9.149389767397167,5.789692376816305,2.5663093490356466
9.845623107355163,6.048385272084807,1.9764045844430695
